"Alpha","Threshold","Iteration","Interaction","TrueBeta","Estimate","Detected"
0.5,0.1,1,"ASC2_male",0.9,0.723625676823005,1
0.5,0.1,1,"ASC2_age",0.3,0.344677032256233,1
0.5,0.1,1,"ASC2_income",0,0.0399443700827507,0
0.5,0.1,1,"ASC2_child",0,-0.0408750124304003,0
0.5,0.1,1,"ASC3_male",-1.1,-1.14537006355419,1
0.5,0.1,1,"ASC3_age",0,0.0356341608717794,0
0.5,0.1,1,"ASC3_income",0.8,0.829124679172967,1
0.5,0.1,1,"ASC3_child",0,-0.121338149745783,1
0.5,0.1,1,"prot25_male",1.2,1.24273615158261,1
0.5,0.1,1,"prot25_age",0.7,0.662844595722524,1
0.5,0.1,1,"prot25_income",0,0.0673969249491402,0
0.5,0.1,1,"prot25_child",1.1,1.10610512478942,1
0.5,0.1,1,"prot50_male",0,-0.0290658883871733,0
0.5,0.1,1,"prot50_age",0,-0.0438161587283611,0
0.5,0.1,1,"prot50_income",-1.2,-1.09183520427067,1
0.5,0.1,1,"prot50_child",1.1,1.25339305065202,1
0.5,0.1,1,"invasive_male",0,-0.069312929346128,0
0.5,0.1,1,"invasive_age",-0.6,-0.580683576930387,1
0.5,0.1,1,"invasive_income",0,0.0342773841554372,0
0.5,0.1,1,"invasive_child",0,-0.0386150641233142,0
0.5,0.1,2,"ASC2_male",0,-0.094591018341281,0
0.5,0.1,2,"ASC2_age",0.1,0.10778462757982,1
0.5,0.1,2,"ASC2_income",0.7,0.571654856170163,1
0.5,0.1,2,"ASC2_child",-0.4,-0.321630626495579,1
0.5,0.1,2,"ASC3_male",0,-0.117503535658203,1
0.5,0.1,2,"ASC3_age",0.4,0.421124583694402,1
0.5,0.1,2,"ASC3_income",-0.8,-0.937553842661188,1
0.5,0.1,2,"ASC3_child",0,0.0917591102436008,0
0.5,0.1,2,"prot25_male",0.5,0.623018130631463,1
0.5,0.1,2,"prot25_age",0.8,0.797869718829366,1
0.5,0.1,2,"prot25_income",0,0.0524759480137145,0
0.5,0.1,2,"prot25_child",0,0.0170462941825261,0
0.5,0.1,2,"prot50_male",0,0.049560763280454,0
0.5,0.1,2,"prot50_age",0,-0.00934758523917478,0
0.5,0.1,2,"prot50_income",0,0.0520155041758539,0
0.5,0.1,2,"prot50_child",0,0.000674017662442686,0
0.5,0.1,2,"invasive_male",1,0.889530845169748,1
0.5,0.1,2,"invasive_age",-0.1,-0.020751784695266,0
0.5,0.1,2,"invasive_income",0,-0.00819287441313895,0
0.5,0.1,2,"invasive_child",-0.6,-0.653432906356319,1
0.5,0.1,3,"ASC2_male",-0.9,-0.708397571598197,1
0.5,0.1,3,"ASC2_age",-0.4,-0.528310411939437,1
0.5,0.1,3,"ASC2_income",0,-0.0650474139068557,0
0.5,0.1,3,"ASC2_child",0,-0.236001977184405,1
0.5,0.1,3,"ASC3_male",-0.7,-0.624548987135959,1
0.5,0.1,3,"ASC3_age",0,-0.0946169355714537,0
0.5,0.1,3,"ASC3_income",0,0.00913766630105622,0
0.5,0.1,3,"ASC3_child",1,0.719475096820651,1
0.5,0.1,3,"prot25_male",0,-0.0528147725933425,0
0.5,0.1,3,"prot25_age",0,0.118579749014781,1
0.5,0.1,3,"prot25_income",0,0.0140956301393454,0
0.5,0.1,3,"prot25_child",0,0.20333600939206,1
0.5,0.1,3,"prot50_male",0.7,0.589707220924153,1
0.5,0.1,3,"prot50_age",-0.2,-0.0795147858178523,0
0.5,0.1,3,"prot50_income",-1,-0.896670932264085,1
0.5,0.1,3,"prot50_child",-0.8,-0.527393094720693,1
0.5,0.1,3,"invasive_male",0,0.0487855811307321,0
0.5,0.1,3,"invasive_age",0,-0.00182696089761063,0
0.5,0.1,3,"invasive_income",-1.2,-1.15222558412011,1
0.5,0.1,3,"invasive_child",1,0.818392315411876,1
0.5,0.1,4,"ASC2_male",0,-0.0668173587738811,0
0.5,0.1,4,"ASC2_age",-0.1,-0.125691638101885,1
0.5,0.1,4,"ASC2_income",0,-0.0312008452872017,0
0.5,0.1,4,"ASC2_child",-0.6,-0.518953778662191,1
0.5,0.1,4,"ASC3_male",0,-0.114747551915634,1
0.5,0.1,4,"ASC3_age",1,0.89983930129898,1
0.5,0.1,4,"ASC3_income",0,-0.0539657327719589,0
0.5,0.1,4,"ASC3_child",0,-0.125971685879947,1
0.5,0.1,4,"prot25_male",0,-5.2852614958411e-05,0
0.5,0.1,4,"prot25_age",-0.5,-0.405055800749158,1
0.5,0.1,4,"prot25_income",0,0.0279235559327702,0
0.5,0.1,4,"prot25_child",0,0.0726665619987619,0
0.5,0.1,4,"prot50_male",0.1,0.162879430615337,1
0.5,0.1,4,"prot50_age",1,1.02745090625334,1
0.5,0.1,4,"prot50_income",0,-0.0342702168719683,0
0.5,0.1,4,"prot50_child",-1,-0.945134003285436,1
0.5,0.1,4,"invasive_male",-1,-1.03439807037356,1
0.5,0.1,4,"invasive_age",-0.9,-0.867573597757998,1
0.5,0.1,4,"invasive_income",-0.3,-0.346233010005221,1
0.5,0.1,4,"invasive_child",0,3.6823768875919e-05,0
0.5,0.1,5,"ASC2_male",0,-0.0184229778151764,0
0.5,0.1,5,"ASC2_age",0.7,0.743599573017701,1
0.5,0.1,5,"ASC2_income",-0.4,-0.412377180898641,1
0.5,0.1,5,"ASC2_child",-0.3,-0.277656457349813,1
0.5,0.1,5,"ASC3_male",0,9.72900621565855e-05,0
0.5,0.1,5,"ASC3_age",0,0.0178766547374751,0
0.5,0.1,5,"ASC3_income",0.9,0.872479934327629,1
0.5,0.1,5,"ASC3_child",-0.6,-0.661908566810509,1
0.5,0.1,5,"prot25_male",0.9,1.00869430723585,1
0.5,0.1,5,"prot25_age",0,-0.0257940626094415,0
0.5,0.1,5,"prot25_income",-0.3,-0.322339700577948,1
0.5,0.1,5,"prot25_child",0,0.0675083386790195,0
0.5,0.1,5,"prot50_male",0.4,0.428252702671151,1
0.5,0.1,5,"prot50_age",0,0.0191228079079382,0
0.5,0.1,5,"prot50_income",0.5,0.516499871671397,1
0.5,0.1,5,"prot50_child",0,0.0326758112285846,0
0.5,0.1,5,"invasive_male",0.7,0.735851824226798,1
0.5,0.1,5,"invasive_age",0,-0.028876263414471,0
0.5,0.1,5,"invasive_income",0,0.00110068380223602,0
0.5,0.1,5,"invasive_child",0,-0.0151424909478329,0
0.5,0.1,6,"ASC2_male",0.4,0.227234071155084,1
0.5,0.1,6,"ASC2_age",0.7,0.705450948110752,1
0.5,0.1,6,"ASC2_income",0,-0.00283661462892764,0
0.5,0.1,6,"ASC2_child",0,-0.123255178126308,1
0.5,0.1,6,"ASC3_male",0,-0.108425922563821,1
0.5,0.1,6,"ASC3_age",0,0.015027343271025,0
0.5,0.1,6,"ASC3_income",0,-0.0644524772264195,0
0.5,0.1,6,"ASC3_child",1.2,1.3212960377107,1
0.5,0.1,6,"prot25_male",-0.4,-0.246894760310229,1
0.5,0.1,6,"prot25_age",-0.3,-0.354883768326905,1
0.5,0.1,6,"prot25_income",0,0.0515348617952811,0
0.5,0.1,6,"prot25_child",0,-0.0795971245021173,0
0.5,0.1,6,"prot50_male",0,0.0942318899215665,0
0.5,0.1,6,"prot50_age",-1.1,-1.04255939475289,1
0.5,0.1,6,"prot50_income",-0.2,-0.175142630973237,1
0.5,0.1,6,"prot50_child",-0.2,-0.228261070715565,1
0.5,0.1,6,"invasive_male",0,0.0340301595091143,0
0.5,0.1,6,"invasive_age",1,1.0713612623765,1
0.5,0.1,6,"invasive_income",0,0.0304683763700589,0
0.5,0.1,6,"invasive_child",0.9,0.991425945830952,1
0.5,0.1,7,"ASC2_male",0.8,0.703926467634126,1
0.5,0.1,7,"ASC2_age",0,-0.0668636316152683,0
0.5,0.1,7,"ASC2_income",0,-0.00324350288249256,0
0.5,0.1,7,"ASC2_child",1.2,1.23477217721329,1
0.5,0.1,7,"ASC3_male",-0.7,-0.828148162286103,1
0.5,0.1,7,"ASC3_age",0,2.7546406909623e-05,0
0.5,0.1,7,"ASC3_income",0,-0.0147832742766586,0
0.5,0.1,7,"ASC3_child",-1,-0.983954039536388,1
0.5,0.1,7,"prot25_male",1.2,1.22119492752038,1
0.5,0.1,7,"prot25_age",0.8,0.735518266974448,1
0.5,0.1,7,"prot25_income",0,-0.0256058419415376,0
0.5,0.1,7,"prot25_child",0.7,0.635399533419598,1
0.5,0.1,7,"prot50_male",0,0.0351409643815766,0
0.5,0.1,7,"prot50_age",-0.4,-0.399097891640223,1
0.5,0.1,7,"prot50_income",0,-1.30532774128337e-05,0
0.5,0.1,7,"prot50_child",0.6,0.614619730498241,1
0.5,0.1,7,"invasive_male",0,-0.183959461810281,1
0.5,0.1,7,"invasive_age",0,-0.0216654329459691,0
0.5,0.1,7,"invasive_income",1.1,1.06794558993604,1
0.5,0.1,7,"invasive_child",0,0.000107546844353316,0
0.5,0.1,8,"ASC2_male",0,0.0917574060681861,0
0.5,0.1,8,"ASC2_age",-1.2,-1.25128026932849,1
0.5,0.1,8,"ASC2_income",0,0.0337164199988344,0
0.5,0.1,8,"ASC2_child",0,-0.047181616845021,0
0.5,0.1,8,"ASC3_male",-0.3,-0.23801795536187,1
0.5,0.1,8,"ASC3_age",0.9,0.771792721059516,1
0.5,0.1,8,"ASC3_income",0,-0.0158052611162222,0
0.5,0.1,8,"ASC3_child",1.2,0.996611458932669,1
0.5,0.1,8,"prot25_male",0,0.189560279529853,1
0.5,0.1,8,"prot25_age",-0.2,-0.216119472251268,1
0.5,0.1,8,"prot25_income",0,0.051847536243482,0
0.5,0.1,8,"prot25_child",1.1,1.13853471355534,1
0.5,0.1,8,"prot50_male",1.1,1.1830074351119,1
0.5,0.1,8,"prot50_age",0,0.071150515500106,0
0.5,0.1,8,"prot50_income",-0.2,-0.171769048513921,1
0.5,0.1,8,"prot50_child",0,-0.0270458416298426,0
0.5,0.1,8,"invasive_male",0,0.16174598756868,1
0.5,0.1,8,"invasive_age",0.7,0.692810928406371,1
0.5,0.1,8,"invasive_income",0.3,0.239295289520278,1
0.5,0.1,8,"invasive_child",0,0.0282369937762794,0
0.5,0.1,9,"ASC2_male",1,0.62288716019452,1
0.5,0.1,9,"ASC2_age",0,0.0683172906257446,0
0.5,0.1,9,"ASC2_income",0,0.0477585747599182,0
0.5,0.1,9,"ASC2_child",-1.2,-1.11821449150176,1
0.5,0.1,9,"ASC3_male",0.9,0.55525283020791,1
0.5,0.1,9,"ASC3_age",-0.6,-0.560188637891297,1
0.5,0.1,9,"ASC3_income",0,0.0481686138236837,0
0.5,0.1,9,"ASC3_child",-0.9,-0.844486685643534,1
0.5,0.1,9,"prot25_male",-0.3,-0.237446489089231,1
0.5,0.1,9,"prot25_age",0,0.0432270377641972,0
0.5,0.1,9,"prot25_income",0,-0.0255367095534902,0
0.5,0.1,9,"prot25_child",0,0.00921900913197989,0
0.5,0.1,9,"prot50_male",-0.2,-0.000665466144480978,0
0.5,0.1,9,"prot50_age",0.6,0.617031940648345,1
0.5,0.1,9,"prot50_income",-0.7,-0.622673792310631,1
0.5,0.1,9,"prot50_child",0,-0.0160061243972526,0
0.5,0.1,9,"invasive_male",0,-0.130099731446031,1
0.5,0.1,9,"invasive_age",0,0.038268378264045,0
0.5,0.1,9,"invasive_income",-0.7,-0.61253933736305,1
0.5,0.1,9,"invasive_child",0,-8.48771529650659e-05,0
0.5,0.1,10,"ASC2_male",0.9,0.799642096972493,1
0.5,0.1,10,"ASC2_age",0,0.00595741842361298,0
0.5,0.1,10,"ASC2_income",1.2,1.23212130995697,1
0.5,0.1,10,"ASC2_child",-0.8,-0.928752758358036,1
0.5,0.1,10,"ASC3_male",0.4,0.21650863792181,1
0.5,0.1,10,"ASC3_age",-0.4,-0.405005896352331,1
0.5,0.1,10,"ASC3_income",0,0.0147348298002989,0
0.5,0.1,10,"ASC3_child",0,-0.07084261507,0
0.5,0.1,10,"prot25_male",1,1.02124733427117,1
0.5,0.1,10,"prot25_age",0,-0.0173732828857677,0
0.5,0.1,10,"prot25_income",0,0.0086232424265403,0
0.5,0.1,10,"prot25_child",0,0.131147935768041,1
0.5,0.1,10,"prot50_male",0.4,0.284729562092154,1
0.5,0.1,10,"prot50_age",0,-0.00276981757735025,0
0.5,0.1,10,"prot50_income",0,-0.00914211843763145,0
0.5,0.1,10,"prot50_child",0.7,0.783240012439118,1
0.5,0.1,10,"invasive_male",0,-0.146688634293679,1
0.5,0.1,10,"invasive_age",0.6,0.622539344557236,1
0.5,0.1,10,"invasive_income",0,0.0181311230019826,0
0.5,0.1,10,"invasive_child",-0.7,-0.571515899864761,1
0.5,0.1,11,"ASC2_male",1.1,0.795567671563796,1
0.5,0.1,11,"ASC2_age",-0.5,-0.361662038787623,1
0.5,0.1,11,"ASC2_income",0,0.00779973485399567,0
0.5,0.1,11,"ASC2_child",-0.5,-0.438894934195802,1
0.5,0.1,11,"ASC3_male",0,-0.295757615975885,1
0.5,0.1,11,"ASC3_age",0,0.146489155293868,1
0.5,0.1,11,"ASC3_income",-0.7,-0.737090358361491,1
0.5,0.1,11,"ASC3_child",0,0.0550057245464458,0
0.5,0.1,11,"prot25_male",0,0.118894889594768,1
0.5,0.1,11,"prot25_age",0.7,0.577666724568052,1
0.5,0.1,11,"prot25_income",0,0.00358818633569621,0
0.5,0.1,11,"prot25_child",0,-0.0364364384749293,0
0.5,0.1,11,"prot50_male",-1,-0.820864563752057,1
0.5,0.1,11,"prot50_age",0.7,0.568634783311311,1
0.5,0.1,11,"prot50_income",0.1,0.0481819191250042,0
0.5,0.1,11,"prot50_child",1.2,1.1521707346801,1
0.5,0.1,11,"invasive_male",0,1.38807016023597e-05,0
0.5,0.1,11,"invasive_age",0,-0.0369726005676785,0
0.5,0.1,11,"invasive_income",-0.2,-0.270350009450694,1
0.5,0.1,11,"invasive_child",0,0.00566080196716669,0
0.5,0.1,12,"ASC2_male",0,-0.159905811039577,1
0.5,0.1,12,"ASC2_age",0.8,0.67751831107309,1
0.5,0.1,12,"ASC2_income",0,0.0250101977520404,0
0.5,0.1,12,"ASC2_child",0,-0.0708949602139275,0
0.5,0.1,12,"ASC3_male",0.6,0.516957336830174,1
0.5,0.1,12,"ASC3_age",0.2,0.0802572503399931,0
0.5,0.1,12,"ASC3_income",0,0.00113307477667969,0
0.5,0.1,12,"ASC3_child",0,1.63789620798489e-05,0
0.5,0.1,12,"prot25_male",0,0.079073066068513,0
0.5,0.1,12,"prot25_age",-0.9,-0.747300882164738,1
0.5,0.1,12,"prot25_income",0,0.0128784744634572,0
0.5,0.1,12,"prot25_child",0.2,0.0765069739350211,0
0.5,0.1,12,"prot50_male",-0.7,-0.510457876966321,1
0.5,0.1,12,"prot50_age",-0.6,-0.372433982719804,1
0.5,0.1,12,"prot50_income",0,1.7828411784565e-06,0
0.5,0.1,12,"prot50_child",0,0.0293107803244309,0
0.5,0.1,12,"invasive_male",-0.7,-0.516293570015536,1
0.5,0.1,12,"invasive_age",-1.2,-1.06861074897524,1
0.5,0.1,12,"invasive_income",-1.1,-0.981187701715564,1
0.5,0.1,12,"invasive_child",0,0.000788890248545212,0
0.5,0.1,13,"ASC2_male",-0.7,-0.732309225662613,1
0.5,0.1,13,"ASC2_age",-0.3,-0.314893152318727,1
0.5,0.1,13,"ASC2_income",0,-0.0120829424031244,0
0.5,0.1,13,"ASC2_child",0,0.104977711138892,1
0.5,0.1,13,"ASC3_male",0,-0.126068874371844,1
0.5,0.1,13,"ASC3_age",0,-0.0106140252268589,0
0.5,0.1,13,"ASC3_income",0,-0.00404537197428472,0
0.5,0.1,13,"ASC3_child",-1.1,-0.969912169600354,1
0.5,0.1,13,"prot25_male",-0.5,-0.382517750800164,1
0.5,0.1,13,"prot25_age",0,-0.0156484520545459,0
0.5,0.1,13,"prot25_income",0.3,0.312867927796186,1
0.5,0.1,13,"prot25_child",-0.3,-0.249031747931691,1
0.5,0.1,13,"prot50_male",0.9,0.907463734827564,1
0.5,0.1,13,"prot50_age",1,1.01984854338104,1
0.5,0.1,13,"prot50_income",-0.5,-0.526032307439123,1
0.5,0.1,13,"prot50_child",0,0.060140152356163,0
0.5,0.1,13,"invasive_male",0,-0.0233628541650025,0
0.5,0.1,13,"invasive_age",0,0.0133966126962417,0
0.5,0.1,13,"invasive_income",1,0.958971789055979,1
0.5,0.1,13,"invasive_child",0,0.0281095306947043,0
0.5,0.1,14,"ASC2_male",0.7,0.57039974827294,1
0.5,0.1,14,"ASC2_age",0,-0.0344148811159452,0
0.5,0.1,14,"ASC2_income",0,-0.0329274582628848,0
0.5,0.1,14,"ASC2_child",-1.2,-1.27204205972406,1
0.5,0.1,14,"ASC3_male",-1.1,-1.19094929104489,1
0.5,0.1,14,"ASC3_age",0,0.0845933666585233,0
0.5,0.1,14,"ASC3_income",0,-0.0361389249374821,0
0.5,0.1,14,"ASC3_child",0,0.0623043014457031,0
0.5,0.1,14,"prot25_male",0,0.0188166407370907,0
0.5,0.1,14,"prot25_age",-0.2,-0.259137169563538,1
0.5,0.1,14,"prot25_income",-1,-1.01755051541897,1
0.5,0.1,14,"prot25_child",-0.2,-0.174378297148258,1
0.5,0.1,14,"prot50_male",0,-0.0547619249938136,0
0.5,0.1,14,"prot50_age",-1,-1.03878064864489,1
0.5,0.1,14,"prot50_income",1,0.901719867513122,1
0.5,0.1,14,"prot50_child",0,-0.194138429667236,1
0.5,0.1,14,"invasive_male",0,-0.12783771762941,1
0.5,0.1,14,"invasive_age",0.6,0.610256758998962,1
0.5,0.1,14,"invasive_income",0.2,0.213997653942952,1
0.5,0.1,14,"invasive_child",0,-0.210314456894251,1
0.5,0.1,15,"ASC2_male",-0.1,0.0266721121898912,0
0.5,0.1,15,"ASC2_age",-0.6,-0.612147730203709,1
0.5,0.1,15,"ASC2_income",0.3,0.0716415433906826,0
0.5,0.1,15,"ASC2_child",0,0.0489433996860603,0
0.5,0.1,15,"ASC3_male",0,0.0681549191668448,0
0.5,0.1,15,"ASC3_age",0,0.00469854286265414,0
0.5,0.1,15,"ASC3_income",1.1,0.896935842935137,1
0.5,0.1,15,"ASC3_child",1.2,1.34303043260753,1
0.5,0.1,15,"prot25_male",0,-0.107023025151086,1
0.5,0.1,15,"prot25_age",0,0.0121688584917857,0
0.5,0.1,15,"prot25_income",0,0.0218567318974669,0
0.5,0.1,15,"prot25_child",0.8,0.617328875195968,1
0.5,0.1,15,"prot50_male",0,-0.0424547018911552,0
0.5,0.1,15,"prot50_age",0.8,0.803051982809732,1
0.5,0.1,15,"prot50_income",0.2,0.239190668290576,1
0.5,0.1,15,"prot50_child",0,-0.195715169428524,1
0.5,0.1,15,"invasive_male",0,0.0197590703128616,0
0.5,0.1,15,"invasive_age",-1.2,-1.22792704891535,1
0.5,0.1,15,"invasive_income",0,-0.0842861999750253,0
0.5,0.1,15,"invasive_child",0.9,0.891074495062403,1
0.5,0.1,16,"ASC2_male",1,0.985543801169695,1
0.5,0.1,16,"ASC2_age",1,1.02524138040805,1
0.5,0.1,16,"ASC2_income",0,0.0394521347514457,0
0.5,0.1,16,"ASC2_child",0,-0.0494767666380452,0
0.5,0.1,16,"ASC3_male",0.7,0.642574323638646,1
0.5,0.1,16,"ASC3_age",0,-0.0166933958530355,0
0.5,0.1,16,"ASC3_income",0,0.0696110498508392,0
0.5,0.1,16,"ASC3_child",-1,-1.05674644933333,1
0.5,0.1,16,"prot25_male",0,-0.189445278168871,1
0.5,0.1,16,"prot25_age",0.2,0.193030468670312,1
0.5,0.1,16,"prot25_income",0,-0.0395565968945129,0
0.5,0.1,16,"prot25_child",0,0.0726125984663129,0
0.5,0.1,16,"prot50_male",0.9,0.903669565508974,1
0.5,0.1,16,"prot50_age",0.5,0.508568170553101,1
0.5,0.1,16,"prot50_income",0,-0.0921437723219161,0
0.5,0.1,16,"prot50_child",-0.3,-0.135665111429739,1
0.5,0.1,16,"invasive_male",-0.4,-0.55477862332481,1
0.5,0.1,16,"invasive_age",0,0.116871504831819,1
0.5,0.1,16,"invasive_income",0.2,0.154914096127576,1
0.5,0.1,16,"invasive_child",0,0.0869325720616953,0
0.5,0.1,17,"ASC2_male",0.6,0.548078731349728,1
0.5,0.1,17,"ASC2_age",-1,-1.11580186356691,1
0.5,0.1,17,"ASC2_income",1,1.16203117984713,1
0.5,0.1,17,"ASC2_child",0.8,0.841926955370994,1
0.5,0.1,17,"ASC3_male",0,-0.209460450375886,1
0.5,0.1,17,"ASC3_age",0,-0.0742796814920159,0
0.5,0.1,17,"ASC3_income",0.7,0.854794063395662,1
0.5,0.1,17,"ASC3_child",-0.4,-0.413779990230701,1
0.5,0.1,17,"prot25_male",0,-0.0524385367687867,0
0.5,0.1,17,"prot25_age",0,0.0540858340398501,0
0.5,0.1,17,"prot25_income",0,-0.00174636931368648,0
0.5,0.1,17,"prot25_child",-0.7,-0.841867956149023,1
0.5,0.1,17,"prot50_male",0,-0.108522077331537,1
0.5,0.1,17,"prot50_age",0,0.0440030728737793,0
0.5,0.1,17,"prot50_income",0.4,0.371633582237943,1
0.5,0.1,17,"prot50_child",-1.1,-1.19772503440584,1
0.5,0.1,17,"invasive_male",0,-0.120164716486814,1
0.5,0.1,17,"invasive_age",0,-0.116658630529762,1
0.5,0.1,17,"invasive_income",0,0.0229337261935818,0
0.5,0.1,17,"invasive_child",0.8,0.751993257468608,1
0.5,0.1,18,"ASC2_male",0,-0.0711244849450676,0
0.5,0.1,18,"ASC2_age",0,0.0558610435331452,0
0.5,0.1,18,"ASC2_income",0.2,0.254369090187661,1
0.5,0.1,18,"ASC2_child",0,0.063081637382142,0
0.5,0.1,18,"ASC3_male",0.3,0.27539162558079,1
0.5,0.1,18,"ASC3_age",0,0.0451119266421511,0
0.5,0.1,18,"ASC3_income",0.7,0.735547837594632,1
0.5,0.1,18,"ASC3_child",0,0.101921206211772,1
0.5,0.1,18,"prot25_male",0,0.0826588532936479,0
0.5,0.1,18,"prot25_age",0.2,0.1085345677615,1
0.5,0.1,18,"prot25_income",0,0.0118097174044273,0
0.5,0.1,18,"prot25_child",0.9,0.892801736225415,1
0.5,0.1,18,"prot50_male",-0.9,-0.895801410541478,1
0.5,0.1,18,"prot50_age",0,-0.0779042649865989,0
0.5,0.1,18,"prot50_income",0,0.0137557031900687,0
0.5,0.1,18,"prot50_child",0,0.143493674951644,1
0.5,0.1,18,"invasive_male",-0.9,-0.901806742366207,1
0.5,0.1,18,"invasive_age",0.1,0.0838547821075175,0
0.5,0.1,18,"invasive_income",-0.5,-0.411195171491984,1
0.5,0.1,18,"invasive_child",-0.2,-0.047433719748652,0
0.5,0.1,19,"ASC2_male",0,-0.0144642697790144,0
0.5,0.1,19,"ASC2_age",1.2,1.11993874470561,1
0.5,0.1,19,"ASC2_income",0,0.0241387213107754,0
0.5,0.1,19,"ASC2_child",0,0.1973179512424,1
0.5,0.1,19,"ASC3_male",0.1,0.114896235062844,1
0.5,0.1,19,"ASC3_age",0,-0.0810897825635633,0
0.5,0.1,19,"ASC3_income",0.7,0.711068894706867,1
0.5,0.1,19,"ASC3_child",0,0.167191983794486,1
0.5,0.1,19,"prot25_male",0,-0.0685832885029914,0
0.5,0.1,19,"prot25_age",0.2,0.238019529278977,1
0.5,0.1,19,"prot25_income",-0.1,-0.159443772074384,1
0.5,0.1,19,"prot25_child",0.6,0.43773597564323,1
0.5,0.1,19,"prot50_male",0.4,0.348982488758452,1
0.5,0.1,19,"prot50_age",0,-0.00983685683434505,0
0.5,0.1,19,"prot50_income",0,-0.0503092942434693,0
0.5,0.1,19,"prot50_child",0,-0.0905111199220719,0
0.5,0.1,19,"invasive_male",0.6,0.614716115444038,1
0.5,0.1,19,"invasive_age",0,-0.0902934527134115,0
0.5,0.1,19,"invasive_income",0.2,0.18777881603418,1
0.5,0.1,19,"invasive_child",-0.8,-0.756699836367109,1
0.5,0.1,20,"ASC2_male",-1,-1.12534030816825,1
0.5,0.1,20,"ASC2_age",1,1.10643793056788,1
0.5,0.1,20,"ASC2_income",-0.8,-0.874492764898489,1
0.5,0.1,20,"ASC2_child",0,-0.04204680007906,0
0.5,0.1,20,"ASC3_male",0,-0.0954089521304124,0
0.5,0.1,20,"ASC3_age",0,0.0944470902442026,0
0.5,0.1,20,"ASC3_income",0,-0.103882839829817,1
0.5,0.1,20,"ASC3_child",0,-0.0300578933187039,0
0.5,0.1,20,"prot25_male",0,0.0717731815588429,0
0.5,0.1,20,"prot25_age",0,-0.0354751941522971,0
0.5,0.1,20,"prot25_income",0.3,0.386276139896968,1
0.5,0.1,20,"prot25_child",0.3,0.136119809157731,1
0.5,0.1,20,"prot50_male",0.4,0.47165755275208,1
0.5,0.1,20,"prot50_age",-0.9,-0.870199592844787,1
0.5,0.1,20,"prot50_income",-1.1,-1.02526512295271,1
0.5,0.1,20,"prot50_child",0,-0.00256034496884581,0
0.5,0.1,20,"invasive_male",0,-0.14111709997367,1
0.5,0.1,20,"invasive_age",-0.3,-0.197779222562136,1
0.5,0.1,20,"invasive_income",-0.7,-0.704829145394575,1
0.5,0.1,20,"invasive_child",0,-0.0371169238894039,0
0.5,0.1,21,"ASC2_male",-0.1,-0.0812364725990439,0
0.5,0.1,21,"ASC2_age",0,-0.0431902523051828,0
0.5,0.1,21,"ASC2_income",0,0.0154876021628373,0
0.5,0.1,21,"ASC2_child",0.4,0.27741437406862,1
0.5,0.1,21,"ASC3_male",0,3.34422979641353e-05,0
0.5,0.1,21,"ASC3_age",-0.8,-0.829630807436094,1
0.5,0.1,21,"ASC3_income",0,-0.00169511458043864,0
0.5,0.1,21,"ASC3_child",-0.3,-0.427560873614312,1
0.5,0.1,21,"prot25_male",-0.8,-0.771033400828633,1
0.5,0.1,21,"prot25_age",-0.4,-0.48679965086147,1
0.5,0.1,21,"prot25_income",0,0.00936514636148652,0
0.5,0.1,21,"prot25_child",-0.3,-0.267379837234256,1
0.5,0.1,21,"prot50_male",0.5,0.447452635633811,1
0.5,0.1,21,"prot50_age",0,-0.0226509951972183,0
0.5,0.1,21,"prot50_income",0,-0.018512502843144,0
0.5,0.1,21,"prot50_child",0.1,-0.00075016841302361,0
0.5,0.1,21,"invasive_male",0,-0.206007681251212,1
0.5,0.1,21,"invasive_age",-0.3,-0.305590247460646,1
0.5,0.1,21,"invasive_income",0,-0.0182433601128234,0
0.5,0.1,21,"invasive_child",0,-0.0371795218477132,0
0.5,0.1,22,"ASC2_male",0.9,0.874691723355287,1
0.5,0.1,22,"ASC2_age",0,-0.057992338290002,0
0.5,0.1,22,"ASC2_income",0,-0.00154827100175038,0
0.5,0.1,22,"ASC2_child",-0.7,-0.423827817804929,1
0.5,0.1,22,"ASC3_male",-0.7,-0.688652238619237,1
0.5,0.1,22,"ASC3_age",0,-0.0141460756543571,0
0.5,0.1,22,"ASC3_income",0,0.0253792384655341,0
0.5,0.1,22,"ASC3_child",0,0.23153315178655,1
0.5,0.1,22,"prot25_male",0,0.00845696093208952,0
0.5,0.1,22,"prot25_age",-0.2,-0.0845917304983035,0
0.5,0.1,22,"prot25_income",0.4,0.39208085801511,1
0.5,0.1,22,"prot25_child",0,-0.0991773027869784,0
0.5,0.1,22,"prot50_male",0.4,0.402964724589217,1
0.5,0.1,22,"prot50_age",-1,-0.826500362142812,1
0.5,0.1,22,"prot50_income",0,-0.0428658902092051,0
0.5,0.1,22,"prot50_child",0.9,0.894303585826185,1
0.5,0.1,22,"invasive_male",0,1.41753486218164e-06,0
0.5,0.1,22,"invasive_age",-0.8,-0.804500427124173,1
0.5,0.1,22,"invasive_income",0,0.0421694492758254,0
0.5,0.1,22,"invasive_child",-0.1,6.00471093851282e-06,0
0.5,0.1,23,"ASC2_male",-0.1,-0.0602964010239192,0
0.5,0.1,23,"ASC2_age",-0.3,-0.320889748345368,1
0.5,0.1,23,"ASC2_income",0,0.0612448096377186,0
0.5,0.1,23,"ASC2_child",0,-0.0458441080505027,0
0.5,0.1,23,"ASC3_male",-0.9,-0.764803795702438,1
0.5,0.1,23,"ASC3_age",0,0.0032581337232512,0
0.5,0.1,23,"ASC3_income",0,0.0337243672110008,0
0.5,0.1,23,"ASC3_child",1,0.882770726969883,1
0.5,0.1,23,"prot25_male",0,0.000797947569308004,0
0.5,0.1,23,"prot25_age",0,0.0554800574449072,0
0.5,0.1,23,"prot25_income",0,-0.0275004922162645,0
0.5,0.1,23,"prot25_child",-1.1,-1.04847876000773,1
0.5,0.1,23,"prot50_male",-1.1,-1.12391724192249,1
0.5,0.1,23,"prot50_age",-0.8,-0.789940833840968,1
0.5,0.1,23,"prot50_income",0,-0.0466072058956321,0
0.5,0.1,23,"prot50_child",0,-0.00579204770477058,0
0.5,0.1,23,"invasive_male",-0.4,-0.368757610554766,1
0.5,0.1,23,"invasive_age",-0.4,-0.404520648044116,1
0.5,0.1,23,"invasive_income",0.8,0.783579788132303,1
0.5,0.1,23,"invasive_child",0,-0.0428658000626558,0
0.5,0.1,24,"ASC2_male",0.6,0.778904927907791,1
0.5,0.1,24,"ASC2_age",-1.1,-1.02990456489531,1
0.5,0.1,24,"ASC2_income",0,-0.000610705472923751,0
0.5,0.1,24,"ASC2_child",0,-0.165199953263723,1
0.5,0.1,24,"ASC3_male",0,0.156598459553556,1
0.5,0.1,24,"ASC3_age",0,0.0382594712431343,0
0.5,0.1,24,"ASC3_income",-0.6,-0.575684293018463,1
0.5,0.1,24,"ASC3_child",0.4,0.203943055607399,1
0.5,0.1,24,"prot25_male",-0.3,-0.298290715179294,1
0.5,0.1,24,"prot25_age",0,-0.0894256650973801,0
0.5,0.1,24,"prot25_income",0,-0.00712446104450918,0
0.5,0.1,24,"prot25_child",-0.4,-0.239528900588995,1
0.5,0.1,24,"prot50_male",0,0.00475563013880289,0
0.5,0.1,24,"prot50_age",0,-0.0595475172607033,0
0.5,0.1,24,"prot50_income",-0.5,-0.429101047278012,1
0.5,0.1,24,"prot50_child",0,0.123188791278899,1
0.5,0.1,24,"invasive_male",0.9,0.974433037338612,1
0.5,0.1,24,"invasive_age",-0.7,-0.601949785724456,1
0.5,0.1,24,"invasive_income",1.2,1.28342511844095,1
0.5,0.1,24,"invasive_child",0,0.039262499149266,0
0.5,0.1,25,"ASC2_male",-0.8,-0.88184063677975,1
0.5,0.1,25,"ASC2_age",1,0.897114086900192,1
0.5,0.1,25,"ASC2_income",0,0.00191596440938603,0
0.5,0.1,25,"ASC2_child",0,-0.0475384554721094,0
0.5,0.1,25,"ASC3_male",0.9,0.672453973829488,1
0.5,0.1,25,"ASC3_age",0,-0.0585819777583504,0
0.5,0.1,25,"ASC3_income",-0.7,-0.648976036864918,1
0.5,0.1,25,"ASC3_child",-0.9,-0.831176658871026,1
0.5,0.1,25,"prot25_male",0,-0.000164966113878426,0
0.5,0.1,25,"prot25_age",0,0.0898415949706573,0
0.5,0.1,25,"prot25_income",-0.9,-0.83583649071385,1
0.5,0.1,25,"prot25_child",0,0.0132857735224332,0
0.5,0.1,25,"prot50_male",0,0.0412907846727658,0
0.5,0.1,25,"prot50_age",0,0.129512188607067,1
0.5,0.1,25,"prot50_income",0.3,0.286554734867794,1
0.5,0.1,25,"prot50_child",0,0.0354562204230811,0
0.5,0.1,25,"invasive_male",-1.2,-1.2219524533466,1
0.5,0.1,25,"invasive_age",0.2,0.271494701632566,1
0.5,0.1,25,"invasive_income",0,-0.0248754554478759,0
0.5,0.1,25,"invasive_child",-0.3,-0.156862741266137,1
0.5,0.1,26,"ASC2_male",0,0.0722661104685395,0
0.5,0.1,26,"ASC2_age",0,-0.0149282555293038,0
0.5,0.1,26,"ASC2_income",-0.2,-0.204748204075144,1
0.5,0.1,26,"ASC2_child",0,-0.00170628340208542,0
0.5,0.1,26,"ASC3_male",0.2,0.233256662588715,1
0.5,0.1,26,"ASC3_age",0,0.0171147856207578,0
0.5,0.1,26,"ASC3_income",-0.6,-0.691364847941212,1
0.5,0.1,26,"ASC3_child",-0.4,-0.396603480961594,1
0.5,0.1,26,"prot25_male",0,0.00433110079970847,0
0.5,0.1,26,"prot25_age",0.3,0.2465397590642,1
0.5,0.1,26,"prot25_income",-1.1,-1.06177343241875,1
0.5,0.1,26,"prot25_child",0.6,0.468999958908073,1
0.5,0.1,26,"prot50_male",0,-0.0272171744640905,0
0.5,0.1,26,"prot50_age",1.2,1.19775379721042,1
0.5,0.1,26,"prot50_income",0,0.0374069255975671,0
0.5,0.1,26,"prot50_child",-0.3,-0.533355099822314,1
0.5,0.1,26,"invasive_male",0,0.00297665827668646,0
0.5,0.1,26,"invasive_age",0,0.0034029195477155,0
0.5,0.1,26,"invasive_income",0,0.0526884728772195,0
0.5,0.1,26,"invasive_child",0.9,0.766065667309083,1
0.5,0.1,27,"ASC2_male",0.2,-0.0619626542998799,0
0.5,0.1,27,"ASC2_age",-0.9,-0.947827434093125,1
0.5,0.1,27,"ASC2_income",0.7,0.525737520032271,1
0.5,0.1,27,"ASC2_child",0,-0.0757187379801318,0
0.5,0.1,27,"ASC3_male",0,-0.310602260492183,1
0.5,0.1,27,"ASC3_age",0,0.00239548495587858,0
0.5,0.1,27,"ASC3_income",0.5,0.345262017404295,1
0.5,0.1,27,"ASC3_child",-0.7,-0.752235633781774,1
0.5,0.1,27,"prot25_male",0.8,1.07719696716792,1
0.5,0.1,27,"prot25_age",0,0.00827153689273019,0
0.5,0.1,27,"prot25_income",0,0.122434557915637,1
0.5,0.1,27,"prot25_child",0,0.131161138008611,1
0.5,0.1,27,"prot50_male",0,0.0996619697575053,0
0.5,0.1,27,"prot50_age",0.7,0.759693960438405,1
0.5,0.1,27,"prot50_income",0,0.186269349806229,1
0.5,0.1,27,"prot50_child",-1,-0.872840307710588,1
0.5,0.1,27,"invasive_male",0,-0.067171244086066,0
0.5,0.1,27,"invasive_age",0,-0.0166249409141761,0
0.5,0.1,27,"invasive_income",1,1.00633629445785,1
0.5,0.1,27,"invasive_child",0.9,0.816115732333909,1
0.5,0.1,28,"ASC2_male",0,-0.00496550810887715,0
0.5,0.1,28,"ASC2_age",0,0.0366558088891824,0
0.5,0.1,28,"ASC2_income",0,-0.0384812864247203,0
0.5,0.1,28,"ASC2_child",-0.9,-0.917530456291225,1
0.5,0.1,28,"ASC3_male",-0.9,-0.958885396812328,1
0.5,0.1,28,"ASC3_age",-0.3,-0.210276933636121,1
0.5,0.1,28,"ASC3_income",0,-0.00411634830386597,0
0.5,0.1,28,"ASC3_child",0,-0.00306256515419504,0
0.5,0.1,28,"prot25_male",-0.7,-0.642611409308365,1
0.5,0.1,28,"prot25_age",-0.3,-0.367021508194441,1
0.5,0.1,28,"prot25_income",0,0.0310049845886577,0
0.5,0.1,28,"prot25_child",0,-0.0399161021646476,0
0.5,0.1,28,"prot50_male",-0.3,-0.199846542452777,1
0.5,0.1,28,"prot50_age",0.2,0.123504173838253,1
0.5,0.1,28,"prot50_income",0,0.0221052179867083,0
0.5,0.1,28,"prot50_child",0,1.63508810381808e-05,0
0.5,0.1,28,"invasive_male",0.5,0.485829374399578,1
0.5,0.1,28,"invasive_age",0,0.00826708215106082,0
0.5,0.1,28,"invasive_income",-1,-0.97918416554961,1
0.5,0.1,28,"invasive_child",0.6,0.59205608586979,1
0.5,0.1,29,"ASC2_male",0.3,0.00948317930316031,0
0.5,0.1,29,"ASC2_age",0.9,0.801143101095244,1
0.5,0.1,29,"ASC2_income",1.2,1.09905173922999,1
0.5,0.1,29,"ASC2_child",0.5,0.308948990397521,1
0.5,0.1,29,"ASC3_male",1.1,0.713915799697481,1
0.5,0.1,29,"ASC3_age",0,-0.0248640326716005,0
0.5,0.1,29,"ASC3_income",0,-0.0108395648066188,0
0.5,0.1,29,"ASC3_child",0.1,-1.90143557135541e-05,0
0.5,0.1,29,"prot25_male",-1.1,-0.706017169691146,1
0.5,0.1,29,"prot25_age",0,-0.0113496531151662,0
0.5,0.1,29,"prot25_income",0,0.00039109927394389,0
0.5,0.1,29,"prot25_child",-0.5,-0.338285924138769,1
0.5,0.1,29,"prot50_male",0,0.248138641022305,1
0.5,0.1,29,"prot50_age",-0.9,-0.791759899567846,1
0.5,0.1,29,"prot50_income",-0.8,-0.731400205732778,1
0.5,0.1,29,"prot50_child",0,0.0707821450883523,0
0.5,0.1,29,"invasive_male",0,-0.17969029382337,1
0.5,0.1,29,"invasive_age",0,-0.0013994306620287,0
0.5,0.1,29,"invasive_income",0,0.00545772439719641,0
0.5,0.1,29,"invasive_child",0,-0.195774541089743,1
0.5,0.1,30,"ASC2_male",0.4,0.153513353205925,1
0.5,0.1,30,"ASC2_age",0,0.0132877037672792,0
0.5,0.1,30,"ASC2_income",0,1.90715637894708e-07,0
0.5,0.1,30,"ASC2_child",0.7,0.329759661472496,1
0.5,0.1,30,"ASC3_male",1.1,0.825398157483071,1
0.5,0.1,30,"ASC3_age",0,0.0384890495859949,0
0.5,0.1,30,"ASC3_income",0.4,0.422158895148558,1
0.5,0.1,30,"ASC3_child",0.9,0.524728717023197,1
0.5,0.1,30,"prot25_male",-0.2,-0.198015683905453,1
0.5,0.1,30,"prot25_age",0.1,0.0739279235177219,0
0.5,0.1,30,"prot25_income",0.3,0.270449030100208,1
0.5,0.1,30,"prot25_child",0,0.240383099242338,1
0.5,0.1,30,"prot50_male",0,0.120524892043805,1
0.5,0.1,30,"prot50_age",0,0.0156906791238658,0
0.5,0.1,30,"prot50_income",0,-0.0119063175496161,0
0.5,0.1,30,"prot50_child",0,0.308193234235722,1
0.5,0.1,30,"invasive_male",-0.6,-0.953971660759123,1
0.5,0.1,30,"invasive_age",0,0.100345390558689,1
0.5,0.1,30,"invasive_income",-1,-0.841715715647207,1
0.5,0.1,30,"invasive_child",0,-0.164944377660781,1
0.5,0.1,31,"ASC2_male",-0.3,-0.423993283024801,1
0.5,0.1,31,"ASC2_age",1.2,1.16096082312749,1
0.5,0.1,31,"ASC2_income",1,0.97864090268044,1
0.5,0.1,31,"ASC2_child",0,0.00637013302662929,0
0.5,0.1,31,"ASC3_male",0,-0.0810353025277385,0
0.5,0.1,31,"ASC3_age",1.1,1.10012692872983,1
0.5,0.1,31,"ASC3_income",-0.6,-0.668307188371859,1
0.5,0.1,31,"ASC3_child",0,-0.000534966897782014,0
0.5,0.1,31,"prot25_male",0,0.0977157979476983,0
0.5,0.1,31,"prot25_age",-0.2,-0.186666742034176,1
0.5,0.1,31,"prot25_income",0,-0.0155926376893503,0
0.5,0.1,31,"prot25_child",-0.2,-0.23359263112794,1
0.5,0.1,31,"prot50_male",-0.3,-0.308923653829573,1
0.5,0.1,31,"prot50_age",0,-0.0427568340096702,0
0.5,0.1,31,"prot50_income",0,0.0106090239156177,0
0.5,0.1,31,"prot50_child",0,0.0792495141505604,0
0.5,0.1,31,"invasive_male",0,0.000112398276157374,0
0.5,0.1,31,"invasive_age",0.2,0.138640646591898,1
0.5,0.1,31,"invasive_income",0.9,0.834777190549491,1
0.5,0.1,31,"invasive_child",0,-0.191836536824336,1
0.5,0.1,32,"ASC2_male",0.6,0.349289850062453,1
0.5,0.1,32,"ASC2_age",0,0.046663088108743,0
0.5,0.1,32,"ASC2_income",1.1,1.15919228953519,1
0.5,0.1,32,"ASC2_child",0,0.109291724587177,1
0.5,0.1,32,"ASC3_male",-0.7,-0.93317777707619,1
0.5,0.1,32,"ASC3_age",-1.1,-0.967721347522527,1
0.5,0.1,32,"ASC3_income",0,0.126045519291902,1
0.5,0.1,32,"ASC3_child",-0.3,-0.28221312624648,1
0.5,0.1,32,"prot25_male",0.7,0.961750818296647,1
0.5,0.1,32,"prot25_age",0,-0.0772113347780922,0
0.5,0.1,32,"prot25_income",-0.5,-0.448501062363632,1
0.5,0.1,32,"prot25_child",-1.1,-1.13828120812703,1
0.5,0.1,32,"prot50_male",0,0.154380379791411,1
0.5,0.1,32,"prot50_age",-0.6,-0.563675972397506,1
0.5,0.1,32,"prot50_income",0,0.00650466152615648,0
0.5,0.1,32,"prot50_child",0,0.112430974883306,1
0.5,0.1,32,"invasive_male",0,-0.0240463039730329,0
0.5,0.1,32,"invasive_age",0,-0.0370275414771001,0
0.5,0.1,32,"invasive_income",0,0.0671886297738137,0
0.5,0.1,32,"invasive_child",0.2,0.153610599225089,1
0.5,0.1,33,"ASC2_male",-0.4,-0.419573812466239,1
0.5,0.1,33,"ASC2_age",0,-0.0698321084824866,0
0.5,0.1,33,"ASC2_income",0,0.00402699330274389,0
0.5,0.1,33,"ASC2_child",0,-0.380751193507357,1
0.5,0.1,33,"ASC3_male",0.6,0.517210512387849,1
0.5,0.1,33,"ASC3_age",0,-0.0584185252361807,0
0.5,0.1,33,"ASC3_income",-1,-0.926755345934312,1
0.5,0.1,33,"ASC3_child",0,-0.416618225323268,1
0.5,0.1,33,"prot25_male",0,-0.0309281179964502,0
0.5,0.1,33,"prot25_age",0,0.0126920006797795,0
0.5,0.1,33,"prot25_income",0,-0.0347342050471148,0
0.5,0.1,33,"prot25_child",1.1,1.33583151599487,1
0.5,0.1,33,"prot50_male",0,-0.013120511199301,0
0.5,0.1,33,"prot50_age",0.4,0.440857661098805,1
0.5,0.1,33,"prot50_income",0.3,0.243412241985259,1
0.5,0.1,33,"prot50_child",-0.4,0.0622760044045497,0
0.5,0.1,33,"invasive_male",0.3,0.249740355877056,1
0.5,0.1,33,"invasive_age",0,-5.50158292542806e-06,0
0.5,0.1,33,"invasive_income",0.6,0.584265153411073,1
0.5,0.1,33,"invasive_child",0.8,0.865427036032691,1
0.5,0.1,34,"ASC2_male",0,0.0811966471589473,0
0.5,0.1,34,"ASC2_age",0,-0.00162722786788877,0
0.5,0.1,34,"ASC2_income",-0.8,-0.636106052601786,1
0.5,0.1,34,"ASC2_child",-0.4,-0.316038344614602,1
0.5,0.1,34,"ASC3_male",0,-0.152261291581611,1
0.5,0.1,34,"ASC3_age",0,-0.00541052516356671,0
0.5,0.1,34,"ASC3_income",0,0.123923168382163,1
0.5,0.1,34,"ASC3_child",0.4,0.267362678029353,1
0.5,0.1,34,"prot25_male",0,0.00076483481595874,0
0.5,0.1,34,"prot25_age",0,0.0130101035264926,0
0.5,0.1,34,"prot25_income",1,1.01245726015483,1
0.5,0.1,34,"prot25_child",1.2,1.29070259366265,1
0.5,0.1,34,"prot50_male",0.1,0.192289249361123,1
0.5,0.1,34,"prot50_age",0.2,0.28573619476569,1
0.5,0.1,34,"prot50_income",-0.5,-0.54431790659259,1
0.5,0.1,34,"prot50_child",0,0.147392080991961,1
0.5,0.1,34,"invasive_male",0,-0.0197933695528553,0
0.5,0.1,34,"invasive_age",0,0.0507680028000253,0
0.5,0.1,34,"invasive_income",-1,-0.99618874279747,1
0.5,0.1,34,"invasive_child",0.2,0.323797734484135,1
0.5,0.1,35,"ASC2_male",0,-0.168788860655868,1
0.5,0.1,35,"ASC2_age",0,0.0315911723746507,0
0.5,0.1,35,"ASC2_income",0.9,0.814279717060877,1
0.5,0.1,35,"ASC2_child",0,0.0534139017545906,0
0.5,0.1,35,"ASC3_male",0,-0.135201103700222,1
0.5,0.1,35,"ASC3_age",1.1,1.03169921303681,1
0.5,0.1,35,"ASC3_income",0,-2.53598923660917e-05,0
0.5,0.1,35,"ASC3_child",0,-0.142492279056968,1
0.5,0.1,35,"prot25_male",-0.2,-0.13370095844518,1
0.5,0.1,35,"prot25_age",0.3,0.342903083178738,1
0.5,0.1,35,"prot25_income",0,0.00632094936604123,0
0.5,0.1,35,"prot25_child",-1.1,-0.853854789492509,1
0.5,0.1,35,"prot50_male",-0.4,-0.227895728903192,1
0.5,0.1,35,"prot50_age",0,-0.0056426526667761,0
0.5,0.1,35,"prot50_income",-0.3,-0.296479929061185,1
0.5,0.1,35,"prot50_child",0.5,0.665922716828361,1
0.5,0.1,35,"invasive_male",0.1,0.185008689009507,1
0.5,0.1,35,"invasive_age",0,-0.0315428056448689,0
0.5,0.1,35,"invasive_income",-1.1,-1.01860794400191,1
0.5,0.1,35,"invasive_child",0,0.0713211786586462,0
0.5,0.1,36,"ASC2_male",-0.4,-0.339039590524436,1
0.5,0.1,36,"ASC2_age",-1,-1.01833934303491,1
0.5,0.1,36,"ASC2_income",-0.5,-0.386860119196915,1
0.5,0.1,36,"ASC2_child",-0.9,-0.839617329981882,1
0.5,0.1,36,"ASC3_male",0,0.0797662716218449,0
0.5,0.1,36,"ASC3_age",1.1,1.11879871842168,1
0.5,0.1,36,"ASC3_income",0,0.121665648283357,1
0.5,0.1,36,"ASC3_child",0,0.0476274328202331,0
0.5,0.1,36,"prot25_male",0,-0.0749431709459383,0
0.5,0.1,36,"prot25_age",0,-0.0250082728343127,0
0.5,0.1,36,"prot25_income",1.1,1.06459735740866,1
0.5,0.1,36,"prot25_child",-0.5,-0.57468973556297,1
0.5,0.1,36,"prot50_male",0,-0.154071161534659,1
0.5,0.1,36,"prot50_age",0,0.00446602417791717,0
0.5,0.1,36,"prot50_income",1.1,1.10877807550782,1
0.5,0.1,36,"prot50_child",0,-0.0567382318480658,0
0.5,0.1,36,"invasive_male",0.3,0.347344075377079,1
0.5,0.1,36,"invasive_age",0,-0.096408998943524,0
0.5,0.1,36,"invasive_income",-0.5,-0.509001034848697,1
0.5,0.1,36,"invasive_child",0,0.0862991562871819,0
0.5,0.1,37,"ASC2_male",0.6,0.493782135844063,1
0.5,0.1,37,"ASC2_age",0,0.0245990684195735,0
0.5,0.1,37,"ASC2_income",0.9,0.961571889585458,1
0.5,0.1,37,"ASC2_child",0,0.000164034866853525,0
0.5,0.1,37,"ASC3_male",0,-0.0133118640879949,0
0.5,0.1,37,"ASC3_age",0.6,0.629211112717046,1
0.5,0.1,37,"ASC3_income",1.1,1.07510995805218,1
0.5,0.1,37,"ASC3_child",-0.8,-0.615493619055574,1
0.5,0.1,37,"prot25_male",-1.2,-1.14135854031616,1
0.5,0.1,37,"prot25_age",0,-0.00991826147036256,0
0.5,0.1,37,"prot25_income",1.1,1.07645987831354,1
0.5,0.1,37,"prot25_child",0,0.00785154437275854,0
0.5,0.1,37,"prot50_male",0,-4.85081197249548e-05,0
0.5,0.1,37,"prot50_age",0.5,0.488718023465012,1
0.5,0.1,37,"prot50_income",0,-6.37509349711491e-05,0
0.5,0.1,37,"prot50_child",0,-0.00722825124139892,0
0.5,0.1,37,"invasive_male",0,-0.132539613583644,1
0.5,0.1,37,"invasive_age",1.1,1.14869007379348,1
0.5,0.1,37,"invasive_income",0,0.000415122927595018,0
0.5,0.1,37,"invasive_child",0.6,0.593981415033823,1
0.5,0.1,38,"ASC2_male",0.3,0.312354368824031,1
0.5,0.1,38,"ASC2_age",0.3,0.285516982589738,1
0.5,0.1,38,"ASC2_income",0,0.144288374890685,1
0.5,0.1,38,"ASC2_child",0.9,0.802886746276469,1
0.5,0.1,38,"ASC3_male",0,0.112305795391172,1
0.5,0.1,38,"ASC3_age",-0.6,-0.585394274039243,1
0.5,0.1,38,"ASC3_income",0,0.0774456743480141,0
0.5,0.1,38,"ASC3_child",0,-0.000461581184565387,0
0.5,0.1,38,"prot25_male",0,1.68471356730563e-05,0
0.5,0.1,38,"prot25_age",0,-0.0459597039212191,0
0.5,0.1,38,"prot25_income",0.7,0.499114336995213,1
0.5,0.1,38,"prot25_child",0,0.0727166303108395,0
0.5,0.1,38,"prot50_male",0,-0.0174085566720711,0
0.5,0.1,38,"prot50_age",0,-0.0311780884522214,0
0.5,0.1,38,"prot50_income",0.2,0.0095737476017774,0
0.5,0.1,38,"prot50_child",-0.8,-0.690202735093677,1
0.5,0.1,38,"invasive_male",0.1,0.12358420236331,1
0.5,0.1,38,"invasive_age",0,-0.0441085016061122,0
0.5,0.1,38,"invasive_income",-0.6,-0.61129178481626,1
0.5,0.1,38,"invasive_child",-0.6,-0.585661121538108,1
0.5,0.1,39,"ASC2_male",0.9,0.847646537866248,1
0.5,0.1,39,"ASC2_age",0,0.0506803767379838,0
0.5,0.1,39,"ASC2_income",0,0.0580161407130852,0
0.5,0.1,39,"ASC2_child",0,-0.0206366718648192,0
0.5,0.1,39,"ASC3_male",-0.9,-1.11238983837046,1
0.5,0.1,39,"ASC3_age",0,0.04952760577832,0
0.5,0.1,39,"ASC3_income",-0.7,-0.495179261999814,1
0.5,0.1,39,"ASC3_child",-1.1,-1.05450849428093,1
0.5,0.1,39,"prot25_male",-1,-0.92446222648927,1
0.5,0.1,39,"prot25_age",-0.6,-0.587234811752466,1
0.5,0.1,39,"prot25_income",0.7,0.563079258072665,1
0.5,0.1,39,"prot25_child",-0.3,-0.10263846027575,1
0.5,0.1,39,"prot50_male",0,-0.020978402554894,0
0.5,0.1,39,"prot50_age",0,-0.0134748011731834,0
0.5,0.1,39,"prot50_income",0,-0.129453100803399,1
0.5,0.1,39,"prot50_child",0,0.0487937021959667,0
0.5,0.1,39,"invasive_male",1.1,0.956173844630035,1
0.5,0.1,39,"invasive_age",0,0.0161178522236268,0
0.5,0.1,39,"invasive_income",0,-0.0521074186438078,0
0.5,0.1,39,"invasive_child",-0.6,-0.626270943070262,1
0.5,0.1,40,"ASC2_male",0,-0.0753448324059426,0
0.5,0.1,40,"ASC2_age",-0.3,-0.303921100386357,1
0.5,0.1,40,"ASC2_income",1.1,1.17212159835867,1
0.5,0.1,40,"ASC2_child",0,0.0424055401099547,0
0.5,0.1,40,"ASC3_male",0.5,0.543020335957813,1
0.5,0.1,40,"ASC3_age",0,-0.0702783101801154,0
0.5,0.1,40,"ASC3_income",-0.9,-0.819848741140278,1
0.5,0.1,40,"ASC3_child",-1,-0.978592147469772,1
0.5,0.1,40,"prot25_male",-0.5,-0.59271105571441,1
0.5,0.1,40,"prot25_age",-0.3,-0.193019777889404,1
0.5,0.1,40,"prot25_income",0,-0.0417465729167348,0
0.5,0.1,40,"prot25_child",0,-0.000178164919970823,0
0.5,0.1,40,"prot50_male",0,0.0260974216055674,0
0.5,0.1,40,"prot50_age",-1,-0.946664447916245,1
0.5,0.1,40,"prot50_income",0,-0.114960932637569,1
0.5,0.1,40,"prot50_child",0,-0.0252929749134576,0
0.5,0.1,40,"invasive_male",0,-0.0548077178519975,0
0.5,0.1,40,"invasive_age",-0.3,-0.283781070359524,1
0.5,0.1,40,"invasive_income",-0.1,-0.0521406446900343,0
0.5,0.1,40,"invasive_child",0,0.0791738456507566,0
0.5,0.1,41,"ASC2_male",-0.5,-0.587354011341874,1
0.5,0.1,41,"ASC2_age",0.9,0.852851134387922,1
0.5,0.1,41,"ASC2_income",1.1,1.14635288558802,1
0.5,0.1,41,"ASC2_child",0,-0.307606764671379,1
0.5,0.1,41,"ASC3_male",0.3,0.354031983116718,1
0.5,0.1,41,"ASC3_age",0,0.00528226160193262,0
0.5,0.1,41,"ASC3_income",0,0.0713117504923978,0
0.5,0.1,41,"ASC3_child",0,-0.125834193984495,1
0.5,0.1,41,"prot25_male",0,0.0770623509112167,0
0.5,0.1,41,"prot25_age",0,-0.00127362337716951,0
0.5,0.1,41,"prot25_income",-0.2,-0.21608301336525,1
0.5,0.1,41,"prot25_child",0.7,0.696499313788211,1
0.5,0.1,41,"prot50_male",-0.8,-0.524374425385759,1
0.5,0.1,41,"prot50_age",-0.4,-0.388718817260916,1
0.5,0.1,41,"prot50_income",0,-0.103992349434515,1
0.5,0.1,41,"prot50_child",0,-0.00843489288647777,0
0.5,0.1,41,"invasive_male",0,0.123065401392287,1
0.5,0.1,41,"invasive_age",0,0.0196037379125621,0
0.5,0.1,41,"invasive_income",0.3,0.175017836826732,1
0.5,0.1,41,"invasive_child",0.5,0.395606670159535,1
0.5,0.1,42,"ASC2_male",0.6,0.604456642763679,1
0.5,0.1,42,"ASC2_age",0,-0.0217173613595073,0
0.5,0.1,42,"ASC2_income",0.6,0.593749598748762,1
0.5,0.1,42,"ASC2_child",0.8,0.844690076136707,1
0.5,0.1,42,"ASC3_male",0,-0.00588592957732772,0
0.5,0.1,42,"ASC3_age",-0.3,-0.264502080237773,1
0.5,0.1,42,"ASC3_income",0,0.0165607705840508,0
0.5,0.1,42,"ASC3_child",-1,-0.889737878165759,1
0.5,0.1,42,"prot25_male",0,0.0630025476073708,0
0.5,0.1,42,"prot25_age",0.6,0.610793902493902,1
0.5,0.1,42,"prot25_income",0,0.0133981818080667,0
0.5,0.1,42,"prot25_child",0,-0.124704056687817,1
0.5,0.1,42,"prot50_male",0,0.0229456433143035,0
0.5,0.1,42,"prot50_age",0.7,0.668388585541085,1
0.5,0.1,42,"prot50_income",-0.9,-0.921905025578798,1
0.5,0.1,42,"prot50_child",-0.7,-0.747411161113664,1
0.5,0.1,42,"invasive_male",1.2,1.16530620154682,1
0.5,0.1,42,"invasive_age",0,0.0164823878338494,0
0.5,0.1,42,"invasive_income",0,0.0666176294529618,0
0.5,0.1,42,"invasive_child",0,0.0529895474352859,0
0.5,0.1,43,"ASC2_male",-0.7,-0.765691758540978,1
0.5,0.1,43,"ASC2_age",0,-0.0265023100803087,0
0.5,0.1,43,"ASC2_income",0,-0.160844223598945,1
0.5,0.1,43,"ASC2_child",0.2,0.016240420375338,0
0.5,0.1,43,"ASC3_male",0.5,0.538806477853237,1
0.5,0.1,43,"ASC3_age",0,-0.0415097438606838,0
0.5,0.1,43,"ASC3_income",1,0.866521835905073,1
0.5,0.1,43,"ASC3_child",-0.3,-0.481354770173187,1
0.5,0.1,43,"prot25_male",0,0.101532259100087,1
0.5,0.1,43,"prot25_age",-0.9,-0.960243385411462,1
0.5,0.1,43,"prot25_income",0,0.137891117525234,1
0.5,0.1,43,"prot25_child",0,0.21264137256245,1
0.5,0.1,43,"prot50_male",0,0.106345202614195,1
0.5,0.1,43,"prot50_age",0,-0.0358444275660912,0
0.5,0.1,43,"prot50_income",-1.2,-1.10833526050988,1
0.5,0.1,43,"prot50_child",0.6,0.725571760158699,1
0.5,0.1,43,"invasive_male",0.7,0.858630281440097,1
0.5,0.1,43,"invasive_age",0,-0.0136717159584813,0
0.5,0.1,43,"invasive_income",-0.6,-0.657133996657794,1
0.5,0.1,43,"invasive_child",0,0.00862157030017454,0
0.5,0.1,44,"ASC2_male",0,-0.179714708237498,1
0.5,0.1,44,"ASC2_age",-0.5,-0.469500022130805,1
0.5,0.1,44,"ASC2_income",-1,-0.956243038186682,1
0.5,0.1,44,"ASC2_child",-0.8,-0.506224024430739,1
0.5,0.1,44,"ASC3_male",-1.1,-1.24150642739074,1
0.5,0.1,44,"ASC3_age",0,0.0115456914668188,0
0.5,0.1,44,"ASC3_income",0,0.0652237190171435,0
0.5,0.1,44,"ASC3_child",0,0.210602605683773,1
0.5,0.1,44,"prot25_male",-1.1,-0.833814643856542,1
0.5,0.1,44,"prot25_age",-0.3,-0.376927944809079,1
0.5,0.1,44,"prot25_income",0,-0.0320836456121572,0
0.5,0.1,44,"prot25_child",-0.6,-0.682343943637394,1
0.5,0.1,44,"prot50_male",0,0.067218276888695,0
0.5,0.1,44,"prot50_age",0,0.0235744274335558,0
0.5,0.1,44,"prot50_income",-0.8,-0.785619093466606,1
0.5,0.1,44,"prot50_child",0,-0.112067251440194,1
0.5,0.1,44,"invasive_male",-0.3,-0.258494057564555,1
0.5,0.1,44,"invasive_age",0,-0.0215980885692638,0
0.5,0.1,44,"invasive_income",0,-0.00097721982418199,0
0.5,0.1,44,"invasive_child",-0.4,-0.286137382676119,1
0.5,0.1,45,"ASC2_male",0,-0.121314331263756,1
0.5,0.1,45,"ASC2_age",0.7,0.684623570238757,1
0.5,0.1,45,"ASC2_income",1.1,1.04694491865195,1
0.5,0.1,45,"ASC2_child",0.3,0.40267962533288,1
0.5,0.1,45,"ASC3_male",0,0.0338697767996407,0
0.5,0.1,45,"ASC3_age",0.4,0.283793559351626,1
0.5,0.1,45,"ASC3_income",-0.1,-0.220173558992823,1
0.5,0.1,45,"ASC3_child",0,0.0284497958707135,0
0.5,0.1,45,"prot25_male",0,0.078231784448023,0
0.5,0.1,45,"prot25_age",0,0.039956444500783,0
0.5,0.1,45,"prot25_income",0,-0.0163130501401876,0
0.5,0.1,45,"prot25_child",1.1,1.15737261353559,1
0.5,0.1,45,"prot50_male",0,0.0302923334058879,0
0.5,0.1,45,"prot50_age",-0.4,-0.335910113089072,1
0.5,0.1,45,"prot50_income",0,0.0697226749518365,0
0.5,0.1,45,"prot50_child",0.4,0.365393533342815,1
0.5,0.1,45,"invasive_male",-0.3,-0.230324829531876,1
0.5,0.1,45,"invasive_age",-0.2,-0.16654203681094,1
0.5,0.1,45,"invasive_income",0,-0.0305839523326371,0
0.5,0.1,45,"invasive_child",0,0.0734819762883393,0
0.5,0.1,46,"ASC2_male",0.4,0.164205725354457,1
0.5,0.1,46,"ASC2_age",0,0.0327339003027015,0
0.5,0.1,46,"ASC2_income",0,-0.0833108471407258,0
0.5,0.1,46,"ASC2_child",-0.5,-0.44542627847018,1
0.5,0.1,46,"ASC3_male",-0.9,-0.989595028329319,1
0.5,0.1,46,"ASC3_age",0,-1.33176243997523e-05,0
0.5,0.1,46,"ASC3_income",-1,-1.117488206795,1
0.5,0.1,46,"ASC3_child",0.7,0.692690113896633,1
0.5,0.1,46,"prot25_male",0,0.105602392131481,1
0.5,0.1,46,"prot25_age",-0.9,-0.843271044698216,1
0.5,0.1,46,"prot25_income",0,0.0971429058960147,0
0.5,0.1,46,"prot25_child",0,0.0645399612659508,0
0.5,0.1,46,"prot50_male",0,0.0535317756526596,0
0.5,0.1,46,"prot50_age",0.3,0.28029937318544,1
0.5,0.1,46,"prot50_income",1,1.01670048531382,1
0.5,0.1,46,"prot50_child",0,0.0520387018075857,0
0.5,0.1,46,"invasive_male",0.3,0.153465957099222,1
0.5,0.1,46,"invasive_age",0,-0.032138376634185,0
0.5,0.1,46,"invasive_income",0.2,0.111897049055306,1
0.5,0.1,46,"invasive_child",0,-0.0424745553886327,0
0.5,0.1,47,"ASC2_male",0,0.0202649594298924,0
0.5,0.1,47,"ASC2_age",0,-0.100416167718409,1
0.5,0.1,47,"ASC2_income",0.8,0.816954161324916,1
0.5,0.1,47,"ASC2_child",-1.2,-1.11342649879368,1
0.5,0.1,47,"ASC3_male",0.2,0.19800744909801,1
0.5,0.1,47,"ASC3_age",0,-0.0687648960731074,0
0.5,0.1,47,"ASC3_income",0,-0.0497523425736482,0
0.5,0.1,47,"ASC3_child",0,0.038142404054905,0
0.5,0.1,47,"prot25_male",0,0.039686818375927,0
0.5,0.1,47,"prot25_age",0.5,0.575813405687304,1
0.5,0.1,47,"prot25_income",0.4,0.440212850812305,1
0.5,0.1,47,"prot25_child",0.9,1.00784697259867,1
0.5,0.1,47,"prot50_male",0,-0.0235953655003231,0
0.5,0.1,47,"prot50_age",-0.3,-0.241843118569645,1
0.5,0.1,47,"prot50_income",-0.7,-0.660052061571657,1
0.5,0.1,47,"prot50_child",-1.1,-0.936811486325135,1
0.5,0.1,47,"invasive_male",0,-0.0231496025119391,0
0.5,0.1,47,"invasive_age",0.5,0.473139209216269,1
0.5,0.1,47,"invasive_income",0,-0.100783097356598,1
0.5,0.1,47,"invasive_child",0,0.125679776436168,1
0.5,0.1,48,"ASC2_male",1.1,0.999439929068412,1
0.5,0.1,48,"ASC2_age",0,-0.0383882086614332,0
0.5,0.1,48,"ASC2_income",0,-0.000823543451676435,0
0.5,0.1,48,"ASC2_child",-0.3,-0.389089712299569,1
0.5,0.1,48,"ASC3_male",0,-0.149458402287304,1
0.5,0.1,48,"ASC3_age",0,-0.0527806319716045,0
0.5,0.1,48,"ASC3_income",0.8,0.838636206394561,1
0.5,0.1,48,"ASC3_child",0,-0.0791399612512498,0
0.5,0.1,48,"prot25_male",-0.6,-0.588449798787228,1
0.5,0.1,48,"prot25_age",0,-0.000801879708930806,0
0.5,0.1,48,"prot25_income",-0.2,-0.202740417356415,1
0.5,0.1,48,"prot25_child",0,0.208315226064527,1
0.5,0.1,48,"prot50_male",0,0.031765569706603,0
0.5,0.1,48,"prot50_age",-0.4,-0.341327941371002,1
0.5,0.1,48,"prot50_income",0,0.034427208857589,0
0.5,0.1,48,"prot50_child",0,0.204616878181332,1
0.5,0.1,48,"invasive_male",0.7,0.69805499253157,1
0.5,0.1,48,"invasive_age",-0.6,-0.614968415279278,1
0.5,0.1,48,"invasive_income",-0.3,-0.341013234122668,1
0.5,0.1,48,"invasive_child",-0.7,-0.714795653004728,1
0.5,0.1,49,"ASC2_male",0.7,0.537980574771226,1
0.5,0.1,49,"ASC2_age",0,0.170044362580726,1
0.5,0.1,49,"ASC2_income",-0.8,-0.712938851581562,1
0.5,0.1,49,"ASC2_child",-0.9,-0.710422912282129,1
0.5,0.1,49,"ASC3_male",0,-0.0241113376174036,0
0.5,0.1,49,"ASC3_age",0,0.0796200634277244,0
0.5,0.1,49,"ASC3_income",-0.5,-0.508376588141778,1
0.5,0.1,49,"ASC3_child",0,0.119543424122432,1
0.5,0.1,49,"prot25_male",0.8,0.960275753394984,1
0.5,0.1,49,"prot25_age",0,-0.113334404912075,1
0.5,0.1,49,"prot25_income",0,-0.0170250484566887,0
0.5,0.1,49,"prot25_child",0.5,0.30840266807701,1
0.5,0.1,49,"prot50_male",-0.1,0.0348275939222316,0
0.5,0.1,49,"prot50_age",0.8,0.780803825398416,1
0.5,0.1,49,"prot50_income",0,-0.0239482477459286,0
0.5,0.1,49,"prot50_child",0,-0.149330163866541,1
0.5,0.1,49,"invasive_male",-0.9,-0.940428072325819,1
0.5,0.1,49,"invasive_age",0,0.0339067760359626,0
0.5,0.1,49,"invasive_income",0,0.0222618450583796,0
0.5,0.1,49,"invasive_child",0.3,0.324726771263911,1
0.5,0.1,50,"ASC2_male",0,-0.133812997472953,1
0.5,0.1,50,"ASC2_age",0.8,0.926615286249866,1
0.5,0.1,50,"ASC2_income",0,-0.090093671642427,0
0.5,0.1,50,"ASC2_child",0,-0.119617387976531,1
0.5,0.1,50,"ASC3_male",-0.5,-0.562371181563891,1
0.5,0.1,50,"ASC3_age",-0.4,-0.290732580608409,1
0.5,0.1,50,"ASC3_income",1.1,1.09480565009463,1
0.5,0.1,50,"ASC3_child",0.5,0.366934174751394,1
0.5,0.1,50,"prot25_male",1.1,1.18344326402387,1
0.5,0.1,50,"prot25_age",0.8,0.711791300948374,1
0.5,0.1,50,"prot25_income",0,0.0391295168331967,0
0.5,0.1,50,"prot25_child",0,0.124264728923605,1
0.5,0.1,50,"prot50_male",-0.6,-0.526010663676986,1
0.5,0.1,50,"prot50_age",0,-0.118764387077062,1
0.5,0.1,50,"prot50_income",-0.3,-0.257776059843991,1
0.5,0.1,50,"prot50_child",0,0.175329448922075,1
0.5,0.1,50,"invasive_male",0,-0.126767630786167,1
0.5,0.1,50,"invasive_age",0,0.0696656438094013,0
0.5,0.1,50,"invasive_income",0.6,0.643196435300176,1
0.5,0.1,50,"invasive_child",0,-0.0953640895568418,0
0.5,0.1,51,"ASC2_male",-0.3,-0.460765495058229,1
0.5,0.1,51,"ASC2_age",-0.5,-0.435615908138827,1
0.5,0.1,51,"ASC2_income",0,-0.0289393558605273,0
0.5,0.1,51,"ASC2_child",-0.7,-0.77238135348505,1
0.5,0.1,51,"ASC3_male",0,-0.0942475400314578,0
0.5,0.1,51,"ASC3_age",0.5,0.545725880857068,1
0.5,0.1,51,"ASC3_income",0,0.0309960994917036,0
0.5,0.1,51,"ASC3_child",0,-0.0325607313714214,0
0.5,0.1,51,"prot25_male",-1.1,-0.954126528177679,1
0.5,0.1,51,"prot25_age",0.3,0.282374985570984,1
0.5,0.1,51,"prot25_income",0.2,0.182576655420696,1
0.5,0.1,51,"prot25_child",0,-0.121750648280916,1
0.5,0.1,51,"prot50_male",0,0.129992186838741,1
0.5,0.1,51,"prot50_age",0,0.0237181630649951,0
0.5,0.1,51,"prot50_income",0,-0.0163698387633368,0
0.5,0.1,51,"prot50_child",1.2,1.23345328430292,1
0.5,0.1,51,"invasive_male",-0.1,-0.0547116828214783,0
0.5,0.1,51,"invasive_age",0,-5.15037291122612e-05,0
0.5,0.1,51,"invasive_income",0,-0.0773473683186417,0
0.5,0.1,51,"invasive_child",0.3,0.297678994800208,1
0.5,0.1,52,"ASC2_male",-0.5,-0.668461738842347,1
0.5,0.1,52,"ASC2_age",-0.5,-0.406169150567629,1
0.5,0.1,52,"ASC2_income",1.1,1.11882761614805,1
0.5,0.1,52,"ASC2_child",-0.5,-0.708211125208543,1
0.5,0.1,52,"ASC3_male",0.3,0.14975200689575,1
0.5,0.1,52,"ASC3_age",0,0.041080112954921,0
0.5,0.1,52,"ASC3_income",0,0.0318912555308331,0
0.5,0.1,52,"ASC3_child",0,-0.126358715669456,1
0.5,0.1,52,"prot25_male",-0.3,-0.193203089500148,1
0.5,0.1,52,"prot25_age",1,0.910458341898858,1
0.5,0.1,52,"prot25_income",0,0.00910633512548232,0
0.5,0.1,52,"prot25_child",-1.2,-1.15132410498671,1
0.5,0.1,52,"prot50_male",0,0.0811045027209566,0
0.5,0.1,52,"prot50_age",0,-0.087740398118344,0
0.5,0.1,52,"prot50_income",0,0.0556261353892749,0
0.5,0.1,52,"prot50_child",0.3,0.603765752023189,1
0.5,0.1,52,"invasive_male",0.1,-0.0715074048604127,0
0.5,0.1,52,"invasive_age",0,-0.0169576420645156,0
0.5,0.1,52,"invasive_income",0,0.0118843643515255,0
0.5,0.1,52,"invasive_child",0,7.18693168191705e-05,0
0.5,0.1,53,"ASC2_male",-0.4,-0.318097146479031,1
0.5,0.1,53,"ASC2_age",0,0.00131374665183178,0
0.5,0.1,53,"ASC2_income",-0.7,-0.658352757800575,1
0.5,0.1,53,"ASC2_child",0,-0.185399140799287,1
0.5,0.1,53,"ASC3_male",0.3,0.461037938277377,1
0.5,0.1,53,"ASC3_age",0.6,0.618812022345354,1
0.5,0.1,53,"ASC3_income",0,-0.0369121804296071,0
0.5,0.1,53,"ASC3_child",0,-0.0533443347602325,0
0.5,0.1,53,"prot25_male",0,-0.0365289908728694,0
0.5,0.1,53,"prot25_age",0.4,0.395198885640785,1
0.5,0.1,53,"prot25_income",0,0.0128388371122347,0
0.5,0.1,53,"prot25_child",0,0.206621520801276,1
0.5,0.1,53,"prot50_male",-0.6,-0.543693022123183,1
0.5,0.1,53,"prot50_age",0.9,0.886622031125329,1
0.5,0.1,53,"prot50_income",0,-4.72165421780656e-05,0
0.5,0.1,53,"prot50_child",-1.1,-0.993290644665798,1
0.5,0.1,53,"invasive_male",-0.5,-0.384195718105619,1
0.5,0.1,53,"invasive_age",0,-0.000419976301182566,0
0.5,0.1,53,"invasive_income",0,-0.0231270008425393,0
0.5,0.1,53,"invasive_child",-0.6,-0.478379455676041,1
0.5,0.1,54,"ASC2_male",0,0.00201310859869963,0
0.5,0.1,54,"ASC2_age",-0.5,-0.42457887160875,1
0.5,0.1,54,"ASC2_income",-0.7,-0.757813779601451,1
0.5,0.1,54,"ASC2_child",0,0.0107431930967395,0
0.5,0.1,54,"ASC3_male",1.1,1.10883329930313,1
0.5,0.1,54,"ASC3_age",0,0.057889197641939,0
0.5,0.1,54,"ASC3_income",0,-0.0495440291704272,0
0.5,0.1,54,"ASC3_child",-0.5,-0.426676241971316,1
0.5,0.1,54,"prot25_male",0,-0.122970463778245,1
0.5,0.1,54,"prot25_age",0.3,0.307197284836554,1
0.5,0.1,54,"prot25_income",0,0.0299590679405365,0
0.5,0.1,54,"prot25_child",0,-0.0673335019218135,0
0.5,0.1,54,"prot50_male",0,-0.0552910140458015,0
0.5,0.1,54,"prot50_age",0.2,0.180430731192984,1
0.5,0.1,54,"prot50_income",0.5,0.498372796090211,1
0.5,0.1,54,"prot50_child",-0.7,-0.838119938831191,1
0.5,0.1,54,"invasive_male",0,0.0584084212083795,0
0.5,0.1,54,"invasive_age",0.1,0.123599754820923,1
0.5,0.1,54,"invasive_income",-1.2,-1.28435748780519,1
0.5,0.1,54,"invasive_child",0,0.0695809830680802,0
0.5,0.1,55,"ASC2_male",0,-0.160070795120834,1
0.5,0.1,55,"ASC2_age",0,0.000318277924858369,0
0.5,0.1,55,"ASC2_income",0,0.00691756694544207,0
0.5,0.1,55,"ASC2_child",0,-0.117708842519466,1
0.5,0.1,55,"ASC3_male",0.5,0.298928896821264,1
0.5,0.1,55,"ASC3_age",0,0.0501271131556618,0
0.5,0.1,55,"ASC3_income",0,0.021177194264282,0
0.5,0.1,55,"ASC3_child",0,-0.0905253330298151,0
0.5,0.1,55,"prot25_male",0.2,0.330212181059266,1
0.5,0.1,55,"prot25_age",0.7,0.598254152880806,1
0.5,0.1,55,"prot25_income",-0.7,-0.665811645679327,1
0.5,0.1,55,"prot25_child",0,0.00741988002601839,0
0.5,0.1,55,"prot50_male",-0.5,-0.369452912043866,1
0.5,0.1,55,"prot50_age",0.5,0.500167317958381,1
0.5,0.1,55,"prot50_income",-1,-0.990607853460621,1
0.5,0.1,55,"prot50_child",0,0.000162754573367057,0
0.5,0.1,55,"invasive_male",0.8,0.793318584540493,1
0.5,0.1,55,"invasive_age",0,0.0420228638444672,0
0.5,0.1,55,"invasive_income",-0.9,-0.82947632878534,1
0.5,0.1,55,"invasive_child",-1.2,-0.972430310162659,1
0.5,0.1,56,"ASC2_male",0,-0.0295115903165015,0
0.5,0.1,56,"ASC2_age",-0.7,-0.656313730611377,1
0.5,0.1,56,"ASC2_income",0,-0.000726156025356735,0
0.5,0.1,56,"ASC2_child",0,-0.0274096997093142,0
0.5,0.1,56,"ASC3_male",0,-1.55124519158054e-06,0
0.5,0.1,56,"ASC3_age",-0.4,-0.339583479073265,1
0.5,0.1,56,"ASC3_income",0,0.0187370575912357,0
0.5,0.1,56,"ASC3_child",0,0.00726523004155692,0
0.5,0.1,56,"prot25_male",0,0.0950913921060397,0
0.5,0.1,56,"prot25_age",0,0.0212642294917238,0
0.5,0.1,56,"prot25_income",-0.2,-0.179305731957679,1
0.5,0.1,56,"prot25_child",-1,-0.874398370329869,1
0.5,0.1,56,"prot50_male",0.7,0.596280257001505,1
0.5,0.1,56,"prot50_age",0.5,0.500380828724854,1
0.5,0.1,56,"prot50_income",-0.6,-0.536861274978051,1
0.5,0.1,56,"prot50_child",0.7,0.698183984669451,1
0.5,0.1,56,"invasive_male",0,0.0101786332528632,0
0.5,0.1,56,"invasive_age",-1.1,-1.09413506257907,1
0.5,0.1,56,"invasive_income",0.3,0.298940056181898,1
0.5,0.1,56,"invasive_child",0,-0.0409457841475659,0
0.5,0.1,57,"ASC2_male",1.2,0.839087478307862,1
0.5,0.1,57,"ASC2_age",1,0.877144405657848,1
0.5,0.1,57,"ASC2_income",0,-0.0591724031348743,0
0.5,0.1,57,"ASC2_child",0,-0.015339222487037,0
0.5,0.1,57,"ASC3_male",-0.2,-0.60999494828763,1
0.5,0.1,57,"ASC3_age",0,-0.0644553129076158,0
0.5,0.1,57,"ASC3_income",0,-0.0487960009674409,0
0.5,0.1,57,"ASC3_child",0,-0.156261227721976,1
0.5,0.1,57,"prot25_male",-1,-0.711637631955997,1
0.5,0.1,57,"prot25_age",0,0.113175350793576,1
0.5,0.1,57,"prot25_income",-0.1,-0.0786822427417758,0
0.5,0.1,57,"prot25_child",0,-0.104923706176441,1
0.5,0.1,57,"prot50_male",-0.4,-0.317118433376287,1
0.5,0.1,57,"prot50_age",-0.6,-0.558102960416368,1
0.5,0.1,57,"prot50_income",0.5,0.522244362456779,1
0.5,0.1,57,"prot50_child",0.6,0.653389198987332,1
0.5,0.1,57,"invasive_male",0.7,0.576237312726108,1
0.5,0.1,57,"invasive_age",0,0.0125061264259273,0
0.5,0.1,57,"invasive_income",0,-0.0517494019310392,0
0.5,0.1,57,"invasive_child",0,-0.132886734325214,1
0.5,0.1,58,"ASC2_male",0.3,0.366086129429458,1
0.5,0.1,58,"ASC2_age",0.2,0.130145463146648,1
0.5,0.1,58,"ASC2_income",0,-0.00426394667852507,0
0.5,0.1,58,"ASC2_child",0,-0.0117705260530895,0
0.5,0.1,58,"ASC3_male",0,0.0251378690607623,0
0.5,0.1,58,"ASC3_age",0,-0.0671991673391225,0
0.5,0.1,58,"ASC3_income",0,-0.0139053916954922,0
0.5,0.1,58,"ASC3_child",0.1,0.112655875478805,1
0.5,0.1,58,"prot25_male",0,-0.111639279781032,1
0.5,0.1,58,"prot25_age",0,0.0539805582905915,0
0.5,0.1,58,"prot25_income",0,-0.00216570793911771,0
0.5,0.1,58,"prot25_child",1,0.872367761227733,1
0.5,0.1,58,"prot50_male",0,-0.0424417049654998,0
0.5,0.1,58,"prot50_age",0.5,0.490028417687869,1
0.5,0.1,58,"prot50_income",0,0.0203579568478362,0
0.5,0.1,58,"prot50_child",0.8,0.636969434178309,1
0.5,0.1,58,"invasive_male",0.5,0.487195918964654,1
0.5,0.1,58,"invasive_age",1,0.910904595776746,1
0.5,0.1,58,"invasive_income",0.6,0.62715901953906,1
0.5,0.1,58,"invasive_child",0.7,0.611136906411399,1
0.5,0.1,59,"ASC2_male",0,-0.136690168802564,1
0.5,0.1,59,"ASC2_age",0.5,0.561787722558161,1
0.5,0.1,59,"ASC2_income",0,-0.0458752416416776,0
0.5,0.1,59,"ASC2_child",0,-0.0171264943259674,0
0.5,0.1,59,"ASC3_male",0.6,0.453508755837026,1
0.5,0.1,59,"ASC3_age",-1.1,-1.1524608334636,1
0.5,0.1,59,"ASC3_income",0,0.0508882172186598,0
0.5,0.1,59,"ASC3_child",0,-0.0894066082294643,0
0.5,0.1,59,"prot25_male",-0.7,-0.604147110058637,1
0.5,0.1,59,"prot25_age",0,-0.0387401502305271,0
0.5,0.1,59,"prot25_income",-0.2,-0.330386185007405,1
0.5,0.1,59,"prot25_child",0,-0.122790489604952,1
0.5,0.1,59,"prot50_male",0.4,0.495905075660511,1
0.5,0.1,59,"prot50_age",-0.9,-0.922587282532103,1
0.5,0.1,59,"prot50_income",0,0.0433321344564379,0
0.5,0.1,59,"prot50_child",0,0.0491876233050942,0
0.5,0.1,59,"invasive_male",1,0.956265634728452,1
0.5,0.1,59,"invasive_age",-0.8,-0.904368251121497,1
0.5,0.1,59,"invasive_income",-0.4,-0.29954367433768,1
0.5,0.1,59,"invasive_child",0,-0.111507082999167,1
0.5,0.1,60,"ASC2_male",-1.2,-0.998166452451721,1
0.5,0.1,60,"ASC2_age",0,-0.0959603344040103,0
0.5,0.1,60,"ASC2_income",0.6,0.573889557198707,1
0.5,0.1,60,"ASC2_child",-0.4,-0.360422336146265,1
0.5,0.1,60,"ASC3_male",0,0.242292475075408,1
0.5,0.1,60,"ASC3_age",0,-0.0808469816677393,0
0.5,0.1,60,"ASC3_income",0,-0.0170390900551627,0
0.5,0.1,60,"ASC3_child",0,-0.123510354500206,1
0.5,0.1,60,"prot25_male",0,-0.238386424194768,1
0.5,0.1,60,"prot25_age",-0.4,-0.361744075291516,1
0.5,0.1,60,"prot25_income",0,0.0494002220867134,0
0.5,0.1,60,"prot25_child",0,-0.0338392810557321,0
0.5,0.1,60,"prot50_male",-1.1,-1.38022117238778,1
0.5,0.1,60,"prot50_age",0,0.0413906317800682,0
0.5,0.1,60,"prot50_income",0.4,0.490929888775241,1
0.5,0.1,60,"prot50_child",0,-0.07121811981193,0
0.5,0.1,60,"invasive_male",0.3,0.247429511440393,1
0.5,0.1,60,"invasive_age",-0.5,-0.547161082683399,1
0.5,0.1,60,"invasive_income",-0.7,-0.712761955200409,1
0.5,0.1,60,"invasive_child",1,0.874752075764698,1
0.5,0.1,61,"ASC2_male",0.8,0.626638707849373,1
0.5,0.1,61,"ASC2_age",-0.9,-0.974819147590383,1
0.5,0.1,61,"ASC2_income",-0.3,-0.204183962077839,1
0.5,0.1,61,"ASC2_child",0,-0.000931292164114676,0
0.5,0.1,61,"ASC3_male",0,-0.118090893375783,1
0.5,0.1,61,"ASC3_age",0,-0.0859507991157634,0
0.5,0.1,61,"ASC3_income",0,0.0640178843745704,0
0.5,0.1,61,"ASC3_child",0,-3.12780054420847e-05,0
0.5,0.1,61,"prot25_male",0,0.0306983056002723,0
0.5,0.1,61,"prot25_age",-1,-0.891444140754052,1
0.5,0.1,61,"prot25_income",0,-0.0615130631639782,0
0.5,0.1,61,"prot25_child",0,-0.0185053707533006,0
0.5,0.1,61,"prot50_male",-0.8,-0.580493098746154,1
0.5,0.1,61,"prot50_age",0.2,0.223828838104059,1
0.5,0.1,61,"prot50_income",0,-0.00956229385923499,0
0.5,0.1,61,"prot50_child",0.3,0.281514682577434,1
0.5,0.1,61,"invasive_male",0,0.143152455240635,1
0.5,0.1,61,"invasive_age",1,0.900802323652604,1
0.5,0.1,61,"invasive_income",0.2,0.214281586458174,1
0.5,0.1,61,"invasive_child",0.9,0.903844287174705,1
0.5,0.1,62,"ASC2_male",0,-0.18678733507796,1
0.5,0.1,62,"ASC2_age",0,-0.0177561929021692,0
0.5,0.1,62,"ASC2_income",0.1,0.161535602346868,1
0.5,0.1,62,"ASC2_child",0,-0.000440241297261293,0
0.5,0.1,62,"ASC3_male",0,-0.203037617187337,1
0.5,0.1,62,"ASC3_age",0.6,0.597827962881554,1
0.5,0.1,62,"ASC3_income",0.6,0.643853756896334,1
0.5,0.1,62,"ASC3_child",0,0.0206858251927723,0
0.5,0.1,62,"prot25_male",-0.5,-0.371153991109727,1
0.5,0.1,62,"prot25_age",0,0.0571285553405515,0
0.5,0.1,62,"prot25_income",0,0.00930749293942911,0
0.5,0.1,62,"prot25_child",-0.2,-0.134391426237136,1
0.5,0.1,62,"prot50_male",-0.5,-0.351393128929297,1
0.5,0.1,62,"prot50_age",0.3,0.273220818798474,1
0.5,0.1,62,"prot50_income",0,0.0229974390509281,0
0.5,0.1,62,"prot50_child",1,1.02016052645998,1
0.5,0.1,62,"invasive_male",0.5,0.596949131696085,1
0.5,0.1,62,"invasive_age",0,0.0156129938743722,0
0.5,0.1,62,"invasive_income",0,0.0199943842774949,0
0.5,0.1,62,"invasive_child",-0.9,-0.749055754207729,1
0.5,0.1,63,"ASC2_male",0,-0.17634659701389,1
0.5,0.1,63,"ASC2_age",0.6,0.602749411791751,1
0.5,0.1,63,"ASC2_income",-0.7,-0.689063642630759,1
0.5,0.1,63,"ASC2_child",0,-0.0598772186967937,0
0.5,0.1,63,"ASC3_male",-0.5,-0.815829506659886,1
0.5,0.1,63,"ASC3_age",0,0.0634699006992479,0
0.5,0.1,63,"ASC3_income",0,-0.0175658246439521,0
0.5,0.1,63,"ASC3_child",-0.1,-0.111467945466371,1
0.5,0.1,63,"prot25_male",0,0.0680527842869787,0
0.5,0.1,63,"prot25_age",0,0.0119379077012627,0
0.5,0.1,63,"prot25_income",-0.4,-0.389395828712822,1
0.5,0.1,63,"prot25_child",-0.6,-0.4517794096417,1
0.5,0.1,63,"prot50_male",0,0.0338932618441274,0
0.5,0.1,63,"prot50_age",0,0.000611986548856058,0
0.5,0.1,63,"prot50_income",-0.9,-0.788227701331006,1
0.5,0.1,63,"prot50_child",-0.7,-0.453382845812373,1
0.5,0.1,63,"invasive_male",0.8,0.660982227949139,1
0.5,0.1,63,"invasive_age",0,0.00116864072555649,0
0.5,0.1,63,"invasive_income",-0.8,-0.762048216204421,1
0.5,0.1,63,"invasive_child",0,0.158438187884431,1
0.5,0.1,64,"ASC2_male",0.2,-9.41048982060812e-05,0
0.5,0.1,64,"ASC2_age",0,-0.000742111556055782,0
0.5,0.1,64,"ASC2_income",-0.3,-0.355887201234383,1
0.5,0.1,64,"ASC2_child",0,-0.131956812103121,1
0.5,0.1,64,"ASC3_male",0,-0.156793661555844,1
0.5,0.1,64,"ASC3_age",-1.2,-1.22937183018521,1
0.5,0.1,64,"ASC3_income",0.1,0.0468502575089186,0
0.5,0.1,64,"ASC3_child",0,-0.164635277624762,1
0.5,0.1,64,"prot25_male",-0.8,-0.659042983502505,1
0.5,0.1,64,"prot25_age",0.1,-0.0194681955650896,0
0.5,0.1,64,"prot25_income",0.3,0.304846964789885,1
0.5,0.1,64,"prot25_child",-0.5,-0.43479040441498,1
0.5,0.1,64,"prot50_male",0.2,0.241582233943955,1
0.5,0.1,64,"prot50_age",1.1,0.993019829769031,1
0.5,0.1,64,"prot50_income",0,0.00279966614419755,0
0.5,0.1,64,"prot50_child",0,0.0193593865740898,0
0.5,0.1,64,"invasive_male",0,-0.0031255760712601,0
0.5,0.1,64,"invasive_age",0,-0.0541815178666771,0
0.5,0.1,64,"invasive_income",0,0.000655444450815114,0
0.5,0.1,64,"invasive_child",0,-0.0471920259526074,0
0.5,0.1,65,"ASC2_male",0,-0.12404240072995,1
0.5,0.1,65,"ASC2_age",0.8,0.819523873137901,1
0.5,0.1,65,"ASC2_income",0.2,0.152889683686668,1
0.5,0.1,65,"ASC2_child",0,-0.252169716322669,1
0.5,0.1,65,"ASC3_male",0,-0.120843138963025,1
0.5,0.1,65,"ASC3_age",0,0.00127052173063183,0
0.5,0.1,65,"ASC3_income",0.7,0.630335014682043,1
0.5,0.1,65,"ASC3_child",0.5,0.254669405428876,1
0.5,0.1,65,"prot25_male",0,0.048767400059598,0
0.5,0.1,65,"prot25_age",0,0.0790899204671335,0
0.5,0.1,65,"prot25_income",0,-0.0527617871773149,0
0.5,0.1,65,"prot25_child",1,1.19076294549263,1
0.5,0.1,65,"prot50_male",0.6,0.561121062696893,1
0.5,0.1,65,"prot50_age",0,0.11396646845152,1
0.5,0.1,65,"prot50_income",-0.2,-0.187196417789739,1
0.5,0.1,65,"prot50_child",0.5,0.6252969346627,1
0.5,0.1,65,"invasive_male",0.3,0.27453280890815,1
0.5,0.1,65,"invasive_age",0,0.026111862955915,0
0.5,0.1,65,"invasive_income",0.9,0.902564129616321,1
0.5,0.1,65,"invasive_child",0,-0.00095458503357461,0
0.5,0.1,66,"ASC2_male",0,-1.53814242683433e-06,0
0.5,0.1,66,"ASC2_age",-0.2,-0.277323896894436,1
0.5,0.1,66,"ASC2_income",0.4,0.344387620999098,1
0.5,0.1,66,"ASC2_child",0,-0.113654159719447,1
0.5,0.1,66,"ASC3_male",-0.9,-0.942765552809609,1
0.5,0.1,66,"ASC3_age",1,0.947238935236447,1
0.5,0.1,66,"ASC3_income",0,-0.0014998132090462,0
0.5,0.1,66,"ASC3_child",0,-0.12970305504792,1
0.5,0.1,66,"prot25_male",-0.5,-0.440730164593726,1
0.5,0.1,66,"prot25_age",0,0.0694689600211998,0
0.5,0.1,66,"prot25_income",0,0.0804725099700977,0
0.5,0.1,66,"prot25_child",-1.1,-1.06705887751314,1
0.5,0.1,66,"prot50_male",1,0.975937529388928,1
0.5,0.1,66,"prot50_age",0,0.0590415926110903,0
0.5,0.1,66,"prot50_income",0.2,0.187961195509011,1
0.5,0.1,66,"prot50_child",0.7,0.573456743304848,1
0.5,0.1,66,"invasive_male",0,-0.0550625647319455,0
0.5,0.1,66,"invasive_age",0,0.0545190771460564,0
0.5,0.1,66,"invasive_income",0,0.00444702842855943,0
0.5,0.1,66,"invasive_child",-1,-1.04970873002654,1
0.5,0.1,67,"ASC2_male",-0.6,-0.658184170159375,1
0.5,0.1,67,"ASC2_age",-0.5,-0.510504882962864,1
0.5,0.1,67,"ASC2_income",0,-0.00825419233294519,0
0.5,0.1,67,"ASC2_child",0.9,0.633228993832584,1
0.5,0.1,67,"ASC3_male",0.8,0.76565653612109,1
0.5,0.1,67,"ASC3_age",-0.9,-0.888865386243408,1
0.5,0.1,67,"ASC3_income",1.1,1.00186965315281,1
0.5,0.1,67,"ASC3_child",0.1,0.00060972910562313,0
0.5,0.1,67,"prot25_male",0,0.000124301875515785,0
0.5,0.1,67,"prot25_age",-0.2,-0.140500701873099,1
0.5,0.1,67,"prot25_income",0,0.0389876266350675,0
0.5,0.1,67,"prot25_child",0,-0.0695527488144198,0
0.5,0.1,67,"prot50_male",1,1.00983156798184,1
0.5,0.1,67,"prot50_age",0,0.0118233377225711,0
0.5,0.1,67,"prot50_income",0,-0.056796551671429,0
0.5,0.1,67,"prot50_child",0.1,0.254233632852569,1
0.5,0.1,67,"invasive_male",0,-0.000250216763304803,0
0.5,0.1,67,"invasive_age",0,-0.0521631816074989,0
0.5,0.1,67,"invasive_income",0,-0.0532193746918661,0
0.5,0.1,67,"invasive_child",0,0.00217615492457938,0
0.5,0.1,68,"ASC2_male",0,-0.000119834292652077,0
0.5,0.1,68,"ASC2_age",0.1,0.0813919398716036,0
0.5,0.1,68,"ASC2_income",0,-1.30296415691398e-05,0
0.5,0.1,68,"ASC2_child",-0.8,-0.959716558009477,1
0.5,0.1,68,"ASC3_male",1.1,0.908538122869399,1
0.5,0.1,68,"ASC3_age",-0.5,-0.450316769001486,1
0.5,0.1,68,"ASC3_income",0,-0.00449581726084096,0
0.5,0.1,68,"ASC3_child",-0.9,-1.00106282834479,1
0.5,0.1,68,"prot25_male",0.2,0.28211681580799,1
0.5,0.1,68,"prot25_age",0,-0.0025929350642977,0
0.5,0.1,68,"prot25_income",0,-0.0401531614785921,0
0.5,0.1,68,"prot25_child",-1.1,-0.944623385200718,1
0.5,0.1,68,"prot50_male",0,0.0608311230263539,0
0.5,0.1,68,"prot50_age",0,0.00714294766566701,0
0.5,0.1,68,"prot50_income",0,0.00257807307506744,0
0.5,0.1,68,"prot50_child",-0.8,-0.658613112214659,1
0.5,0.1,68,"invasive_male",0,-0.00106932089628053,0
0.5,0.1,68,"invasive_age",-0.7,-0.654415640534765,1
0.5,0.1,68,"invasive_income",0,0.0126815670137303,0
0.5,0.1,68,"invasive_child",1.1,0.929645501601417,1
0.5,0.1,69,"ASC2_male",1.1,1.18664188554488,1
0.5,0.1,69,"ASC2_age",0,-0.14137236637321,1
0.5,0.1,69,"ASC2_income",0.4,0.32092482922124,1
0.5,0.1,69,"ASC2_child",1.2,0.793760162487452,1
0.5,0.1,69,"ASC3_male",-1,-0.809172149707316,1
0.5,0.1,69,"ASC3_age",0,-0.139200290074495,1
0.5,0.1,69,"ASC3_income",-1.2,-1.22966221082098,1
0.5,0.1,69,"ASC3_child",0,-0.39863606705679,1
0.5,0.1,69,"prot25_male",0,0.00135021353391425,0
0.5,0.1,69,"prot25_age",0,0.0650820167447794,0
0.5,0.1,69,"prot25_income",-0.4,-0.398853346145217,1
0.5,0.1,69,"prot25_child",-0.4,-0.0366571679693522,0
0.5,0.1,69,"prot50_male",0,-0.159055566805296,1
0.5,0.1,69,"prot50_age",0,0.0578984498529254,0
0.5,0.1,69,"prot50_income",0,-0.0631286058647414,0
0.5,0.1,69,"prot50_child",0,0.474746167387714,1
0.5,0.1,69,"invasive_male",0,0.0242914611148295,0
0.5,0.1,69,"invasive_age",-0.5,-0.424812774235692,1
0.5,0.1,69,"invasive_income",-0.2,-0.266370622727805,1
0.5,0.1,69,"invasive_child",-0.2,-0.246267822587713,1
0.5,0.1,70,"ASC2_male",-0.8,-0.831993717461867,1
0.5,0.1,70,"ASC2_age",0,-0.121402352504717,1
0.5,0.1,70,"ASC2_income",0.3,0.317413150580734,1
0.5,0.1,70,"ASC2_child",0,0.00107315364766249,0
0.5,0.1,70,"ASC3_male",0.9,0.82689694999063,1
0.5,0.1,70,"ASC3_age",0,-0.137149134904858,1
0.5,0.1,70,"ASC3_income",0,0.000288279371950974,0
0.5,0.1,70,"ASC3_child",0,0.0369616725528417,0
0.5,0.1,70,"prot25_male",0,0.00180920969684674,0
0.5,0.1,70,"prot25_age",0,0.112416760875313,1
0.5,0.1,70,"prot25_income",0.9,0.743425159541726,1
0.5,0.1,70,"prot25_child",0,0.000533154595472786,0
0.5,0.1,70,"prot50_male",-0.1,0.0082901152479047,0
0.5,0.1,70,"prot50_age",-0.9,-0.850124483146504,1
0.5,0.1,70,"prot50_income",0.9,0.763447768453963,1
0.5,0.1,70,"prot50_child",1,0.911166972302675,1
0.5,0.1,70,"invasive_male",0,0.0923214016312779,0
0.5,0.1,70,"invasive_age",0.8,0.740590174917292,1
0.5,0.1,70,"invasive_income",0,0.00743298334069928,0
0.5,0.1,70,"invasive_child",-0.6,-0.464130315820366,1
0.5,0.1,71,"ASC2_male",0.5,0.540875025575158,1
0.5,0.1,71,"ASC2_age",1,0.997222319910444,1
0.5,0.1,71,"ASC2_income",0.8,0.840024121175508,1
0.5,0.1,71,"ASC2_child",0.7,0.836975801615702,1
0.5,0.1,71,"ASC3_male",0,0.0338577207796493,0
0.5,0.1,71,"ASC3_age",0,0.0697298728531583,0
0.5,0.1,71,"ASC3_income",0,0.0950409469450481,0
0.5,0.1,71,"ASC3_child",1.1,1.03150487170605,1
0.5,0.1,71,"prot25_male",0,0.0499033513151638,0
0.5,0.1,71,"prot25_age",0,0.0199564677758343,0
0.5,0.1,71,"prot25_income",0,-0.0976323772104553,0
0.5,0.1,71,"prot25_child",0,-0.023491064766015,0
0.5,0.1,71,"prot50_male",0,-0.0169193562768181,0
0.5,0.1,71,"prot50_age",-0.6,-0.527590735675272,1
0.5,0.1,71,"prot50_income",-0.9,-0.900052712170536,1
0.5,0.1,71,"prot50_child",-0.7,-0.761585856813475,1
0.5,0.1,71,"invasive_male",0.8,0.716566424002873,1
0.5,0.1,71,"invasive_age",0,0.0355719091203463,0
0.5,0.1,71,"invasive_income",1,1.00633565358216,1
0.5,0.1,71,"invasive_child",0,-6.2082383303978e-05,0
0.5,0.1,72,"ASC2_male",-0.8,-0.777822127944097,1
0.5,0.1,72,"ASC2_age",0,-0.107061261192258,1
0.5,0.1,72,"ASC2_income",0.3,0.282200015661811,1
0.5,0.1,72,"ASC2_child",0.2,0.20947235990722,1
0.5,0.1,72,"ASC3_male",0,-0.108161668337269,1
0.5,0.1,72,"ASC3_age",0,-0.0943300948252808,0
0.5,0.1,72,"ASC3_income",0,-0.000146098081555924,0
0.5,0.1,72,"ASC3_child",-0.9,-0.89039041880872,1
0.5,0.1,72,"prot25_male",0,0.119434695510649,1
0.5,0.1,72,"prot25_age",0,0.0279944369737567,0
0.5,0.1,72,"prot25_income",0,0.00613604531460476,0
0.5,0.1,72,"prot25_child",-0.6,-0.583289336727835,1
0.5,0.1,72,"prot50_male",1,1.09768382979969,1
0.5,0.1,72,"prot50_age",-0.6,-0.554659806395082,1
0.5,0.1,72,"prot50_income",0,0.00223796535273353,0
0.5,0.1,72,"prot50_child",0.4,0.436468203872633,1
0.5,0.1,72,"invasive_male",-0.5,-0.478691661440666,1
0.5,0.1,72,"invasive_age",0,-0.116563744761549,1
0.5,0.1,72,"invasive_income",0,-0.0832073621230189,0
0.5,0.1,72,"invasive_child",-0.1,-0.247360904365655,1
0.5,0.1,73,"ASC2_male",0,0.0483752815042973,0
0.5,0.1,73,"ASC2_age",0,0.131050347023686,1
0.5,0.1,73,"ASC2_income",0.5,0.478435433666413,1
0.5,0.1,73,"ASC2_child",-1,-1.01299993004774,1
0.5,0.1,73,"ASC3_male",0.8,0.826496294974351,1
0.5,0.1,73,"ASC3_age",0,0.140504628125995,1
0.5,0.1,73,"ASC3_income",-0.5,-0.446155072550942,1
0.5,0.1,73,"ASC3_child",-1.2,-1.17069677111058,1
0.5,0.1,73,"prot25_male",0,-0.00866675956678121,0
0.5,0.1,73,"prot25_age",0,-0.0646521940231449,0
0.5,0.1,73,"prot25_income",0.4,0.42228927812104,1
0.5,0.1,73,"prot25_child",0,-0.0173329162507878,0
0.5,0.1,73,"prot50_male",-0.7,-0.778357092445589,1
0.5,0.1,73,"prot50_age",0.7,0.589354809303049,1
0.5,0.1,73,"prot50_income",1,0.934854409289705,1
0.5,0.1,73,"prot50_child",0,-0.00226059873714975,0
0.5,0.1,73,"invasive_male",0,-0.0517144168948824,0
0.5,0.1,73,"invasive_age",0,0.0383126195346583,0
0.5,0.1,73,"invasive_income",0,-0.0386682064793139,0
0.5,0.1,73,"invasive_child",0.8,0.786817865252788,1
0.5,0.1,74,"ASC2_male",0,-0.0546694194506868,0
0.5,0.1,74,"ASC2_age",0,-5.56066536167875e-06,0
0.5,0.1,74,"ASC2_income",0,0.0554039853710487,0
0.5,0.1,74,"ASC2_child",-1,-0.950691681090683,1
0.5,0.1,74,"ASC3_male",0.9,0.763150816012732,1
0.5,0.1,74,"ASC3_age",1.1,1.11997287000253,1
0.5,0.1,74,"ASC3_income",0,-0.000633659356063156,0
0.5,0.1,74,"ASC3_child",0,0.0328206883036308,0
0.5,0.1,74,"prot25_male",-0.6,-0.395653400247479,1
0.5,0.1,74,"prot25_age",0.5,0.508632876587323,1
0.5,0.1,74,"prot25_income",-0.3,-0.331428635721082,1
0.5,0.1,74,"prot25_child",0,-0.14328061233368,1
0.5,0.1,74,"prot50_male",-0.2,-0.0960729235704723,0
0.5,0.1,74,"prot50_age",0,0.0630999070439568,0
0.5,0.1,74,"prot50_income",0,-0.0279552834055517,0
0.5,0.1,74,"prot50_child",0,-3.07154139188257e-05,0
0.5,0.1,74,"invasive_male",0,0.0158481073727376,0
0.5,0.1,74,"invasive_age",-1.1,-1.07069049612546,1
0.5,0.1,74,"invasive_income",0.4,0.427798970817941,1
0.5,0.1,74,"invasive_child",0.7,0.754793858515068,1
0.5,0.1,75,"ASC2_male",0,0.0695817993961872,0
0.5,0.1,75,"ASC2_age",0.5,0.554388537811118,1
0.5,0.1,75,"ASC2_income",0,-0.000136493437984731,0
0.5,0.1,75,"ASC2_child",0,-0.117395198864751,1
0.5,0.1,75,"ASC3_male",1,1.03605121532291,1
0.5,0.1,75,"ASC3_age",0,0.0604361352627375,0
0.5,0.1,75,"ASC3_income",0,0.00149868419674033,0
0.5,0.1,75,"ASC3_child",-0.8,-0.767438996315013,1
0.5,0.1,75,"prot25_male",0.9,0.846681446697391,1
0.5,0.1,75,"prot25_age",1,1.06517005894125,1
0.5,0.1,75,"prot25_income",0,-0.0043790779460322,0
0.5,0.1,75,"prot25_child",-1,-0.809650839086354,1
0.5,0.1,75,"prot50_male",0,-0.0468886332909063,0
0.5,0.1,75,"prot50_age",0,0.0177430434901422,0
0.5,0.1,75,"prot50_income",-0.9,-0.878463396773077,1
0.5,0.1,75,"prot50_child",-0.4,-0.39103592588634,1
0.5,0.1,75,"invasive_male",0.7,0.699248778839558,1
0.5,0.1,75,"invasive_age",0,0.0400960477784359,0
0.5,0.1,75,"invasive_income",-0.5,-0.471228407266964,1
0.5,0.1,75,"invasive_child",0,-0.180930083607826,1
0.5,0.1,76,"ASC2_male",-0.7,-0.703710038495509,1
0.5,0.1,76,"ASC2_age",0,-8.19285893818213e-06,0
0.5,0.1,76,"ASC2_income",0,0.0171811355079169,0
0.5,0.1,76,"ASC2_child",-1,-1.11357313838923,1
0.5,0.1,76,"ASC3_male",-0.4,-0.359623757421118,1
0.5,0.1,76,"ASC3_age",0,0.0427594856665744,0
0.5,0.1,76,"ASC3_income",-0.5,-0.41096797793172,1
0.5,0.1,76,"ASC3_child",-0.6,-0.619339062992843,1
0.5,0.1,76,"prot25_male",0,-0.0121762179912854,0
0.5,0.1,76,"prot25_age",0,-0.0649975069635856,0
0.5,0.1,76,"prot25_income",0,0.00947090671107301,0
0.5,0.1,76,"prot25_child",-0.5,-0.548212775707217,1
0.5,0.1,76,"prot50_male",-0.1,-0.0744722124682662,0
0.5,0.1,76,"prot50_age",0,-0.0592334720952466,0
0.5,0.1,76,"prot50_income",0,-0.0440962432592159,0
0.5,0.1,76,"prot50_child",0,-0.0166297946469665,0
0.5,0.1,76,"invasive_male",-0.4,-0.385829889456781,1
0.5,0.1,76,"invasive_age",0,0.0193716340954792,0
0.5,0.1,76,"invasive_income",-0.2,-0.184613986367842,1
0.5,0.1,76,"invasive_child",0.1,0.127609127282449,1
0.5,0.1,77,"ASC2_male",0.4,0.144627686843318,1
0.5,0.1,77,"ASC2_age",-0.4,-0.371425096380699,1
0.5,0.1,77,"ASC2_income",0,0.126385074824032,1
0.5,0.1,77,"ASC2_child",-1.1,-1.08895324476693,1
0.5,0.1,77,"ASC3_male",0,-0.154294795815252,1
0.5,0.1,77,"ASC3_age",0,-0.0201439422548526,0
0.5,0.1,77,"ASC3_income",0,0.116063227405165,1
0.5,0.1,77,"ASC3_child",0,-0.029517505524218,0
0.5,0.1,77,"prot25_male",0.8,0.802513862835674,1
0.5,0.1,77,"prot25_age",0.6,0.675193939188747,1
0.5,0.1,77,"prot25_income",0,-0.0907568840967779,0
0.5,0.1,77,"prot25_child",0,0.250872360301799,1
0.5,0.1,77,"prot50_male",0,0.16896776462134,1
0.5,0.1,77,"prot50_age",-0.5,-0.476707239426453,1
0.5,0.1,77,"prot50_income",-1.1,-1.25845748232567,1
0.5,0.1,77,"prot50_child",0,0.0765942356429385,0
0.5,0.1,77,"invasive_male",0,-0.0616128259222925,0
0.5,0.1,77,"invasive_age",1,1.06536321475306,1
0.5,0.1,77,"invasive_income",0.6,0.599602526778848,1
0.5,0.1,77,"invasive_child",-0.2,-0.277008276584986,1
0.5,0.1,78,"ASC2_male",0,-0.0224532592564932,0
0.5,0.1,78,"ASC2_age",0,-0.0466005081104308,0
0.5,0.1,78,"ASC2_income",0,0.0234401164232959,0
0.5,0.1,78,"ASC2_child",0,0.0564210359787413,0
0.5,0.1,78,"ASC3_male",0,-0.122784424055945,1
0.5,0.1,78,"ASC3_age",0,-0.0822257003576873,0
0.5,0.1,78,"ASC3_income",-0.4,-0.392136382696143,1
0.5,0.1,78,"ASC3_child",0,0.0167767885922831,0
0.5,0.1,78,"prot25_male",-1.1,-1.09962123681396,1
0.5,0.1,78,"prot25_age",0,0.139814674943971,1
0.5,0.1,78,"prot25_income",-0.2,-0.252158332642837,1
0.5,0.1,78,"prot25_child",0,-0.047400734648641,0
0.5,0.1,78,"prot50_male",0.6,0.641938020016528,1
0.5,0.1,78,"prot50_age",-0.4,-0.292404027972912,1
0.5,0.1,78,"prot50_income",-0.9,-0.900019314585724,1
0.5,0.1,78,"prot50_child",0.6,0.485423554302434,1
0.5,0.1,78,"invasive_male",-0.6,-0.442299352658926,1
0.5,0.1,78,"invasive_age",0.9,0.814711206794206,1
0.5,0.1,78,"invasive_income",1.2,1.22010155008614,1
0.5,0.1,78,"invasive_child",0,-0.128841462588452,1
0.5,0.1,79,"ASC2_male",0,-0.0420845153218645,0
0.5,0.1,79,"ASC2_age",0,0.0611579645306471,0
0.5,0.1,79,"ASC2_income",0,-0.101584439910279,1
0.5,0.1,79,"ASC2_child",0,-0.000210205977322188,0
0.5,0.1,79,"ASC3_male",0,-0.0125670922835759,0
0.5,0.1,79,"ASC3_age",0,0.0747721882769063,0
0.5,0.1,79,"ASC3_income",0.2,0.111925919105103,1
0.5,0.1,79,"ASC3_child",-0.3,-0.372086497531214,1
0.5,0.1,79,"prot25_male",0.2,0.0890547366794991,0
0.5,0.1,79,"prot25_age",0,-0.000261016170465895,0
0.5,0.1,79,"prot25_income",0.9,1.01031644801808,1
0.5,0.1,79,"prot25_child",0.3,0.380439427585008,1
0.5,0.1,79,"prot50_male",1,0.904229951338351,1
0.5,0.1,79,"prot50_age",0,-0.0123584526911169,0
0.5,0.1,79,"prot50_income",-0.7,-0.501355989197734,1
0.5,0.1,79,"prot50_child",0,0.0349695406037928,0
0.5,0.1,79,"invasive_male",-0.6,-0.511247847376354,1
0.5,0.1,79,"invasive_age",-1.1,-1.01329273079623,1
0.5,0.1,79,"invasive_income",0,-0.00649365379667724,0
0.5,0.1,79,"invasive_child",-0.1,0.00884221134563453,0
0.5,0.1,80,"ASC2_male",0.8,0.830593115530212,1
0.5,0.1,80,"ASC2_age",0,0.0472146629580429,0
0.5,0.1,80,"ASC2_income",0.4,0.349226055187507,1
0.5,0.1,80,"ASC2_child",-1,-0.968725089312052,1
0.5,0.1,80,"ASC3_male",0,0.0263156509647112,0
0.5,0.1,80,"ASC3_age",1,1.0068595900001,1
0.5,0.1,80,"ASC3_income",0,-0.0232173267656025,0
0.5,0.1,80,"ASC3_child",-1.1,-0.967917930452261,1
0.5,0.1,80,"prot25_male",0.8,0.954558615489657,1
0.5,0.1,80,"prot25_age",0,-0.0661611196038972,0
0.5,0.1,80,"prot25_income",0,-0.0327922964865323,0
0.5,0.1,80,"prot25_child",0.3,0.18894530502073,1
0.5,0.1,80,"prot50_male",0,0.110662348464101,1
0.5,0.1,80,"prot50_age",1,0.960724931733149,1
0.5,0.1,80,"prot50_income",0,0.000536845779273661,0
0.5,0.1,80,"prot50_child",0,0.0500998234508176,0
0.5,0.1,80,"invasive_male",0,-0.048338563241299,0
0.5,0.1,80,"invasive_age",1,1.04638315649988,1
0.5,0.1,80,"invasive_income",0,0.0107451287204405,0
0.5,0.1,80,"invasive_child",1.1,1.14034101511577,1
0.5,0.1,81,"ASC2_male",1,0.764061287435488,1
0.5,0.1,81,"ASC2_age",0,0.0260830268654515,0
0.5,0.1,81,"ASC2_income",0,0.0127764370149613,0
0.5,0.1,81,"ASC2_child",0,-0.00108365051036922,0
0.5,0.1,81,"ASC3_male",0,-0.215439308706523,1
0.5,0.1,81,"ASC3_age",0,0.0398333500158997,0
0.5,0.1,81,"ASC3_income",0,-0.0196419683496359,0
0.5,0.1,81,"ASC3_child",-0.4,-0.297818970931154,1
0.5,0.1,81,"prot25_male",0,0.157911663594042,1
0.5,0.1,81,"prot25_age",0,-0.051426383902949,0
0.5,0.1,81,"prot25_income",0,-0.016128083019518,0
0.5,0.1,81,"prot25_child",-0.2,-0.11223323632478,1
0.5,0.1,81,"prot50_male",1.1,1.33641869992235,1
0.5,0.1,81,"prot50_age",0.8,0.818931225346474,1
0.5,0.1,81,"prot50_income",0,-0.0319725420255156,0
0.5,0.1,81,"prot50_child",-0.3,-0.179174315829224,1
0.5,0.1,81,"invasive_male",-0.2,-0.246698124144127,1
0.5,0.1,81,"invasive_age",-1.2,-1.16294893129661,1
0.5,0.1,81,"invasive_income",0.4,0.457717539703595,1
0.5,0.1,81,"invasive_child",1.1,1.21104902671705,1
0.5,0.1,82,"ASC2_male",0,-0.0112999547710523,0
0.5,0.1,82,"ASC2_age",0,0.000735633500153424,0
0.5,0.1,82,"ASC2_income",-0.8,-0.86444536933437,1
0.5,0.1,82,"ASC2_child",0.4,0.341967296160075,1
0.5,0.1,82,"ASC3_male",-0.5,-0.473509162428537,1
0.5,0.1,82,"ASC3_age",0,0.0177689805106926,0
0.5,0.1,82,"ASC3_income",0,0.0139876030028051,0
0.5,0.1,82,"ASC3_child",0,-0.0132427344342185,0
0.5,0.1,82,"prot25_male",-0.5,-0.429059037136464,1
0.5,0.1,82,"prot25_age",0,-0.0052456623296813,0
0.5,0.1,82,"prot25_income",0.8,0.873613456173494,1
0.5,0.1,82,"prot25_child",0,-0.0452549359516525,0
0.5,0.1,82,"prot50_male",-0.3,-0.27071337520218,1
0.5,0.1,82,"prot50_age",0,0.0362142603307624,0
0.5,0.1,82,"prot50_income",0.6,0.585898052702251,1
0.5,0.1,82,"prot50_child",0.3,0.393222955341237,1
0.5,0.1,82,"invasive_male",-1.1,-1.15493939471742,1
0.5,0.1,82,"invasive_age",-1.2,-1.13098113721554,1
0.5,0.1,82,"invasive_income",0,0.0058406326879273,0
0.5,0.1,82,"invasive_child",0,-0.0498657954910151,0
0.5,0.1,83,"ASC2_male",0.5,0.469447612669526,1
0.5,0.1,83,"ASC2_age",0,0.011195251132431,0
0.5,0.1,83,"ASC2_income",-0.6,-0.446215915197495,1
0.5,0.1,83,"ASC2_child",-0.5,-0.46923430058892,1
0.5,0.1,83,"ASC3_male",0,-0.0566956443421124,0
0.5,0.1,83,"ASC3_age",0,-0.0102014485541391,0
0.5,0.1,83,"ASC3_income",0,0.105032666241168,1
0.5,0.1,83,"ASC3_child",0,0.00637293071454541,0
0.5,0.1,83,"prot25_male",-1,-0.882515978380378,1
0.5,0.1,83,"prot25_age",0.1,0.0767154414287976,0
0.5,0.1,83,"prot25_income",0,-0.153067479432142,1
0.5,0.1,83,"prot25_child",0,-0.0021789499417981,0
0.5,0.1,83,"prot50_male",0.7,0.829702455775414,1
0.5,0.1,83,"prot50_age",0,0.00226815470965722,0
0.5,0.1,83,"prot50_income",1.1,0.939320892588674,1
0.5,0.1,83,"prot50_child",0,-0.100910241885702,1
0.5,0.1,83,"invasive_male",0.7,0.521569994006385,1
0.5,0.1,83,"invasive_age",-1,-0.961306350646121,1
0.5,0.1,83,"invasive_income",0.3,0.276182697531699,1
0.5,0.1,83,"invasive_child",0,-0.156835574429122,1
0.5,0.1,84,"ASC2_male",0,-0.0203610360635774,0
0.5,0.1,84,"ASC2_age",0,-0.0683178665689583,0
0.5,0.1,84,"ASC2_income",-0.9,-0.745964579524168,1
0.5,0.1,84,"ASC2_child",1.1,1.07126055594673,1
0.5,0.1,84,"ASC3_male",0.7,0.570528361462427,1
0.5,0.1,84,"ASC3_age",0,-0.0640580542816174,0
0.5,0.1,84,"ASC3_income",0,0.114129064795421,1
0.5,0.1,84,"ASC3_child",0.3,0.129843621769773,1
0.5,0.1,84,"prot25_male",0.3,0.339530404082552,1
0.5,0.1,84,"prot25_age",0,-0.00273924329715034,0
0.5,0.1,84,"prot25_income",0,-0.121238173713485,1
0.5,0.1,84,"prot25_child",0,-0.164194476329112,1
0.5,0.1,84,"prot50_male",0,-0.0140639828735173,0
0.5,0.1,84,"prot50_age",-0.2,-0.16337746449304,1
0.5,0.1,84,"prot50_income",0.5,0.281247426947786,1
0.5,0.1,84,"prot50_child",0,0.0412841960087576,0
0.5,0.1,84,"invasive_male",0,-6.44509469160082e-06,0
0.5,0.1,84,"invasive_age",-0.7,-0.63302184405396,1
0.5,0.1,84,"invasive_income",-0.9,-0.839841552541097,1
0.5,0.1,84,"invasive_child",0.5,0.551365978291657,1
0.5,0.1,85,"ASC2_male",0.9,0.647556502233337,1
0.5,0.1,85,"ASC2_age",0,-0.00880797859281035,0
0.5,0.1,85,"ASC2_income",-0.2,-0.184615831310152,1
0.5,0.1,85,"ASC2_child",0.5,0.435024655134094,1
0.5,0.1,85,"ASC3_male",0,-0.227249361302679,1
0.5,0.1,85,"ASC3_age",0,-0.00526655553129531,0
0.5,0.1,85,"ASC3_income",0,-0.000428602523851181,0
0.5,0.1,85,"ASC3_child",0.8,0.660344032376227,1
0.5,0.1,85,"prot25_male",0.4,0.575754300424916,1
0.5,0.1,85,"prot25_age",0,-0.00813097829177961,0
0.5,0.1,85,"prot25_income",0.5,0.467695719303414,1
0.5,0.1,85,"prot25_child",-0.2,0.000849400771156653,0
0.5,0.1,85,"prot50_male",-0.1,0.0210124169212393,0
0.5,0.1,85,"prot50_age",0,-0.008113834598461,0
0.5,0.1,85,"prot50_income",-1.1,-1.02932352144136,1
0.5,0.1,85,"prot50_child",0,0.102604364331387,1
0.5,0.1,85,"invasive_male",0.7,0.634564632379013,1
0.5,0.1,85,"invasive_age",0,0.00660423169973343,0
0.5,0.1,85,"invasive_income",0,0.0970404127711862,0
0.5,0.1,85,"invasive_child",0,0.0321217576788194,0
0.5,0.1,86,"ASC2_male",0.2,0.0491651964325233,0
0.5,0.1,86,"ASC2_age",0.4,0.301672199591074,1
0.5,0.1,86,"ASC2_income",0,0.1229970312475,1
0.5,0.1,86,"ASC2_child",-0.2,-0.128424881313771,1
0.5,0.1,86,"ASC3_male",-0.2,-0.384469156422974,1
0.5,0.1,86,"ASC3_age",0,-0.0595504926719311,0
0.5,0.1,86,"ASC3_income",0,0.0818545305470409,0
0.5,0.1,86,"ASC3_child",0,0.00560954999202293,0
0.5,0.1,86,"prot25_male",0,0.205165973049758,1
0.5,0.1,86,"prot25_age",0,0.0667464036709265,0
0.5,0.1,86,"prot25_income",-0.2,-0.286692956965066,1
0.5,0.1,86,"prot25_child",0,-0.00737241034465883,0
0.5,0.1,86,"prot50_male",0.6,0.783016768128178,1
0.5,0.1,86,"prot50_age",-1,-0.97472642028112,1
0.5,0.1,86,"prot50_income",0,-0.0463916802968191,0
0.5,0.1,86,"prot50_child",1,0.955351531470777,1
0.5,0.1,86,"invasive_male",0.5,0.457462363933062,1
0.5,0.1,86,"invasive_age",0,-0.0487368814572688,0
0.5,0.1,86,"invasive_income",0,0.0670975585619328,0
0.5,0.1,86,"invasive_child",-1,-0.8787258467859,1
0.5,0.1,87,"ASC2_male",0.2,-0.00913412265783091,0
0.5,0.1,87,"ASC2_age",1.1,1.0166798866577,1
0.5,0.1,87,"ASC2_income",0,-0.110373088634998,1
0.5,0.1,87,"ASC2_child",0,0.222501967358833,1
0.5,0.1,87,"ASC3_male",0,-0.0861791707954589,0
0.5,0.1,87,"ASC3_age",-0.4,-0.448405402111707,1
0.5,0.1,87,"ASC3_income",0,-0.0803171177710395,0
0.5,0.1,87,"ASC3_child",0.7,0.903921438589854,1
0.5,0.1,87,"prot25_male",-1.2,-1.11374780442723,1
0.5,0.1,87,"prot25_age",-0.9,-0.812372800106239,1
0.5,0.1,87,"prot25_income",0,0.0128066573575412,0
0.5,0.1,87,"prot25_child",-0.2,-0.241843088907181,1
0.5,0.1,87,"prot50_male",-0.5,-0.388605930854875,1
0.5,0.1,87,"prot50_age",0,-0.0244252567965278,0
0.5,0.1,87,"prot50_income",0,-0.00289368955511555,0
0.5,0.1,87,"prot50_child",0.4,0.243404899067572,1
0.5,0.1,87,"invasive_male",0,0.128867729088198,1
0.5,0.1,87,"invasive_age",0,-0.0858535658505661,0
0.5,0.1,87,"invasive_income",0,-0.0531500951671496,0
0.5,0.1,87,"invasive_child",0.8,0.794595286472369,1
0.5,0.1,88,"ASC2_male",-1.1,-1.33131203497722,1
0.5,0.1,88,"ASC2_age",0,0.156615033890675,1
0.5,0.1,88,"ASC2_income",0.3,0.290875410916869,1
0.5,0.1,88,"ASC2_child",0,-0.0871072818903968,0
0.5,0.1,88,"ASC3_male",-1.1,-1.32399234904121,1
0.5,0.1,88,"ASC3_age",0,0.175335937127417,1
0.5,0.1,88,"ASC3_income",0,-0.0695779774831693,0
0.5,0.1,88,"ASC3_child",0.5,0.319589655487769,1
0.5,0.1,88,"prot25_male",0.6,0.741257579405426,1
0.5,0.1,88,"prot25_age",0,-0.146946492528097,1
0.5,0.1,88,"prot25_income",0,-0.0539283487245849,0
0.5,0.1,88,"prot25_child",0,0.135067650620101,1
0.5,0.1,88,"prot50_male",0,0.0188585284517311,0
0.5,0.1,88,"prot50_age",-0.3,-0.35700705767705,1
0.5,0.1,88,"prot50_income",-0.5,-0.544626793931457,1
0.5,0.1,88,"prot50_child",0.8,1.02447493851769,1
0.5,0.1,88,"invasive_male",0,-0.0627807026584426,0
0.5,0.1,88,"invasive_age",-1.1,-1.01186037522847,1
0.5,0.1,88,"invasive_income",0.4,0.409017710339188,1
0.5,0.1,88,"invasive_child",0,-0.123701167716432,1
0.5,0.1,89,"ASC2_male",0,-0.0483449235973559,0
0.5,0.1,89,"ASC2_age",0,-0.0402138301478712,0
0.5,0.1,89,"ASC2_income",0.5,0.512001039118494,1
0.5,0.1,89,"ASC2_child",0,-0.0379182083480882,0
0.5,0.1,89,"ASC3_male",0,0.000148021117911687,0
0.5,0.1,89,"ASC3_age",0.3,0.260832706410239,1
0.5,0.1,89,"ASC3_income",-0.8,-0.78180693981712,1
0.5,0.1,89,"ASC3_child",0,-0.038174923375062,0
0.5,0.1,89,"prot25_male",0.1,0.285936984932063,1
0.5,0.1,89,"prot25_age",-0.1,-0.0320676839971909,0
0.5,0.1,89,"prot25_income",0,0.0104334510785951,0
0.5,0.1,89,"prot25_child",-1.2,-1.21076195432133,1
0.5,0.1,89,"prot50_male",-0.5,-0.307298055166816,1
0.5,0.1,89,"prot50_age",0,0.0404439310251313,0
0.5,0.1,89,"prot50_income",0,0.00432991090680029,0
0.5,0.1,89,"prot50_child",0,0.00411751830457652,0
0.5,0.1,89,"invasive_male",-0.6,-0.450825637255188,1
0.5,0.1,89,"invasive_age",0.2,0.155327514872219,1
0.5,0.1,89,"invasive_income",1.1,1.02007924873905,1
0.5,0.1,89,"invasive_child",0,-0.001468248002298,0
0.5,0.1,90,"ASC2_male",-1,-0.929243250642574,1
0.5,0.1,90,"ASC2_age",-0.2,-0.214126416666248,1
0.5,0.1,90,"ASC2_income",-0.9,-0.849298240253902,1
0.5,0.1,90,"ASC2_child",0.8,0.719977586004993,1
0.5,0.1,90,"ASC3_male",0,-7.07509276962898e-06,0
0.5,0.1,90,"ASC3_age",0,-0.00225529411637036,0
0.5,0.1,90,"ASC3_income",0,-0.0139195071135383,0
0.5,0.1,90,"ASC3_child",0.6,0.341346074118101,1
0.5,0.1,90,"prot25_male",0,-0.0519360145104626,0
0.5,0.1,90,"prot25_age",0,0.0782756950476875,0
0.5,0.1,90,"prot25_income",0.8,0.764294433226726,1
0.5,0.1,90,"prot25_child",0,0.129824851220192,1
0.5,0.1,90,"prot50_male",0,-0.0941455809298955,0
0.5,0.1,90,"prot50_age",1,0.964642479677525,1
0.5,0.1,90,"prot50_income",0.6,0.623736040627931,1
0.5,0.1,90,"prot50_child",0,0.147936235664025,1
0.5,0.1,90,"invasive_male",0,-0.153279695825489,1
0.5,0.1,90,"invasive_age",0,-0.0344694406661041,0
0.5,0.1,90,"invasive_income",-0.6,-0.638943147697439,1
0.5,0.1,90,"invasive_child",-1.2,-1.08841642416237,1
0.5,0.1,91,"ASC2_male",1.2,1.11803595304977,1
0.5,0.1,91,"ASC2_age",0.2,0.218844219847737,1
0.5,0.1,91,"ASC2_income",0,0.0537504881487814,0
0.5,0.1,91,"ASC2_child",0,0.0541913084574994,0
0.5,0.1,91,"ASC3_male",0,-0.0381818022643467,0
0.5,0.1,91,"ASC3_age",0,0.0315429071739043,0
0.5,0.1,91,"ASC3_income",0.6,0.607792561680458,1
0.5,0.1,91,"ASC3_child",1.1,1.1155100388897,1
0.5,0.1,91,"prot25_male",0,0.0578080435245755,0
0.5,0.1,91,"prot25_age",0.3,0.310912567006976,1
0.5,0.1,91,"prot25_income",0.2,0.160692998424895,1
0.5,0.1,91,"prot25_child",0,0.00247172598197273,0
0.5,0.1,91,"prot50_male",-0.7,-0.637703702243153,1
0.5,0.1,91,"prot50_age",0,-0.0335594380493706,0
0.5,0.1,91,"prot50_income",-1,-1.02887367013269,1
0.5,0.1,91,"prot50_child",0,-0.0507631211695344,0
0.5,0.1,91,"invasive_male",-0.6,-0.583874348283455,1
0.5,0.1,91,"invasive_age",0,-0.0177127537399015,0
0.5,0.1,91,"invasive_income",0.4,0.378589214798086,1
0.5,0.1,91,"invasive_child",0,0.120531725642927,1
0.5,0.1,92,"ASC2_male",-0.4,-0.344001634920569,1
0.5,0.1,92,"ASC2_age",0,0.110585080201151,1
0.5,0.1,92,"ASC2_income",1,1.2564447015247,1
0.5,0.1,92,"ASC2_child",0,-0.010938026241931,0
0.5,0.1,92,"ASC3_male",-1.1,-0.883255824044107,1
0.5,0.1,92,"ASC3_age",0.6,0.696227054304847,1
0.5,0.1,92,"ASC3_income",0.8,1.041039690697,1
0.5,0.1,92,"ASC3_child",0,-0.00481022484495268,0
0.5,0.1,92,"prot25_male",0,-0.0787418332854465,0
0.5,0.1,92,"prot25_age",0,-0.164564323671517,1
0.5,0.1,92,"prot25_income",0.7,0.652163486523412,1
0.5,0.1,92,"prot25_child",-0.8,-0.673879044047917,1
0.5,0.1,92,"prot50_male",1,0.867562971652353,1
0.5,0.1,92,"prot50_age",0,-0.0539339118387575,0
0.5,0.1,92,"prot50_income",-1.2,-1.22592501770635,1
0.5,0.1,92,"prot50_child",0,0.0630277846602338,0
0.5,0.1,92,"invasive_male",0,0.0630826440873931,0
0.5,0.1,92,"invasive_age",0,0.0348033409007415,0
0.5,0.1,92,"invasive_income",-0.9,-0.870772582457689,1
0.5,0.1,92,"invasive_child",0,0.024843635639676,0
0.5,0.1,93,"ASC2_male",0,-0.0433302176471078,0
0.5,0.1,93,"ASC2_age",1,1.01496640340057,1
0.5,0.1,93,"ASC2_income",0,-0.0353793703237539,0
0.5,0.1,93,"ASC2_child",-0.3,-0.190577796197078,1
0.5,0.1,93,"ASC3_male",-1,-0.904915836122098,1
0.5,0.1,93,"ASC3_age",0,-0.0279485050511836,0
0.5,0.1,93,"ASC3_income",0,-0.0353621430871238,0
0.5,0.1,93,"ASC3_child",0.1,0.208858821796656,1
0.5,0.1,93,"prot25_male",0.7,0.755837231058669,1
0.5,0.1,93,"prot25_age",0,-0.00573182380896752,0
0.5,0.1,93,"prot25_income",-0.7,-0.730561267138784,1
0.5,0.1,93,"prot25_child",0,-0.0647239365088671,0
0.5,0.1,93,"prot50_male",0,0.0522940651730484,0
0.5,0.1,93,"prot50_age",0,-0.022095118764737,0
0.5,0.1,93,"prot50_income",0,0.0274617250721862,0
0.5,0.1,93,"prot50_child",0.9,0.700963839439849,1
0.5,0.1,93,"invasive_male",-0.7,-0.605979084365653,1
0.5,0.1,93,"invasive_age",-0.7,-0.679355130001088,1
0.5,0.1,93,"invasive_income",0,0.00777963168920747,0
0.5,0.1,93,"invasive_child",-0.2,-0.374873129838241,1
0.5,0.1,94,"ASC2_male",0.3,0.212735243136917,1
0.5,0.1,94,"ASC2_age",-0.4,-0.39777531910582,1
0.5,0.1,94,"ASC2_income",-0.4,-0.443115335145226,1
0.5,0.1,94,"ASC2_child",-0.6,-0.669412199785022,1
0.5,0.1,94,"ASC3_male",-0.3,-0.366493880037009,1
0.5,0.1,94,"ASC3_age",0,0.0128134169982243,0
0.5,0.1,94,"ASC3_income",0,-0.0602191421197885,0
0.5,0.1,94,"ASC3_child",0.9,0.843432157104349,1
0.5,0.1,94,"prot25_male",0.3,0.338104481970155,1
0.5,0.1,94,"prot25_age",0,0.0436056058260152,0
0.5,0.1,94,"prot25_income",0.2,0.239569212617807,1
0.5,0.1,94,"prot25_child",0,0.101529477397469,1
0.5,0.1,94,"prot50_male",0,0.185095989629751,1
0.5,0.1,94,"prot50_age",0.5,0.462075998543058,1
0.5,0.1,94,"prot50_income",0,0.0146155603503686,0
0.5,0.1,94,"prot50_child",-0.1,-0.0723525993364515,0
0.5,0.1,94,"invasive_male",0,0.0807611581857226,0
0.5,0.1,94,"invasive_age",0,0.020837694226943,0
0.5,0.1,94,"invasive_income",0,6.57501351474333e-05,0
0.5,0.1,94,"invasive_child",0,-0.0459327435661478,0
0.5,0.1,95,"ASC2_male",-0.9,-0.862760544588438,1
0.5,0.1,95,"ASC2_age",0,0.0770789796440466,0
0.5,0.1,95,"ASC2_income",0,0.088319639741554,0
0.5,0.1,95,"ASC2_child",0,0.0785372968698062,0
0.5,0.1,95,"ASC3_male",0,0.0010087823035965,0
0.5,0.1,95,"ASC3_age",1.1,1.08570518664186,1
0.5,0.1,95,"ASC3_income",0.8,0.867937281519734,1
0.5,0.1,95,"ASC3_child",-1,-0.847522635457445,1
0.5,0.1,95,"prot25_male",-1,-0.908696784076223,1
0.5,0.1,95,"prot25_age",0.8,0.770405513310563,1
0.5,0.1,95,"prot25_income",0.7,0.667490829931512,1
0.5,0.1,95,"prot25_child",0.6,0.417662486079971,1
0.5,0.1,95,"prot50_male",0,0.0551338597029265,0
0.5,0.1,95,"prot50_age",0,0.056388192163611,0
0.5,0.1,95,"prot50_income",1,0.898925204221347,1
0.5,0.1,95,"prot50_child",0,0.00155855356638227,0
0.5,0.1,95,"invasive_male",0,0.00401253167741871,0
0.5,0.1,95,"invasive_age",0,0.0700415955769255,0
0.5,0.1,95,"invasive_income",0,-0.000238190204651464,0
0.5,0.1,95,"invasive_child",0.4,0.354025024742614,1
0.5,0.1,96,"ASC2_male",0.6,0.439867899286719,1
0.5,0.1,96,"ASC2_age",0,0.0254178316141952,0
0.5,0.1,96,"ASC2_income",0,0.0235686243056053,0
0.5,0.1,96,"ASC2_child",0,-0.0705999075114616,0
0.5,0.1,96,"ASC3_male",-0.1,-0.216058531334768,1
0.5,0.1,96,"ASC3_age",1.2,1.23025909705572,1
0.5,0.1,96,"ASC3_income",0,0.0215586225358478,0
0.5,0.1,96,"ASC3_child",0,6.1891311885839e-06,0
0.5,0.1,96,"prot25_male",-0.6,-0.501203588485796,1
0.5,0.1,96,"prot25_age",0.3,0.267513456920087,1
0.5,0.1,96,"prot25_income",-0.8,-0.845930706678497,1
0.5,0.1,96,"prot25_child",0.7,0.736378089931688,1
0.5,0.1,96,"prot50_male",-1,-0.935658380512844,1
0.5,0.1,96,"prot50_age",0,0.0143355460852081,0
0.5,0.1,96,"prot50_income",0,-0.0221137682852998,0
0.5,0.1,96,"prot50_child",0,0.199136418047885,1
0.5,0.1,96,"invasive_male",-0.2,-0.312888934094714,1
0.5,0.1,96,"invasive_age",-0.4,-0.39393808056746,1
0.5,0.1,96,"invasive_income",0,0.0600165788348427,0
0.5,0.1,96,"invasive_child",0,0.0627478213669596,0
0.5,0.1,97,"ASC2_male",-1,-1.04232011064358,1
0.5,0.1,97,"ASC2_age",0.2,0.191227270285232,1
0.5,0.1,97,"ASC2_income",0,0.0181629101558995,0
0.5,0.1,97,"ASC2_child",-0.3,-0.135127476520696,1
0.5,0.1,97,"ASC3_male",0.5,0.50720257913056,1
0.5,0.1,97,"ASC3_age",0.5,0.511937119936979,1
0.5,0.1,97,"ASC3_income",0,0.0303211874801987,0
0.5,0.1,97,"ASC3_child",-0.2,-0.125999018676851,1
0.5,0.1,97,"prot25_male",0,0.0145102920314488,0
0.5,0.1,97,"prot25_age",0,0.0442879026518366,0
0.5,0.1,97,"prot25_income",-0.1,-0.0911506364058045,0
0.5,0.1,97,"prot25_child",0,-0.246940381796519,1
0.5,0.1,97,"prot50_male",0.6,0.509011823270073,1
0.5,0.1,97,"prot50_age",0,0.000736065872404385,0
0.5,0.1,97,"prot50_income",-0.5,-0.533251657719843,1
0.5,0.1,97,"prot50_child",0,-0.100166599645258,1
0.5,0.1,97,"invasive_male",0,0.0459277889415413,0
0.5,0.1,97,"invasive_age",0,-0.0636034911867163,0
0.5,0.1,97,"invasive_income",-0.7,-0.695542079102383,1
0.5,0.1,97,"invasive_child",0,0.0889747853179499,0
0.5,0.1,98,"ASC2_male",0,0.180761114784911,1
0.5,0.1,98,"ASC2_age",0,-0.052603668765547,0
0.5,0.1,98,"ASC2_income",-0.5,-0.514020085772846,1
0.5,0.1,98,"ASC2_child",-1.1,-1.18852512027263,1
0.5,0.1,98,"ASC3_male",-0.3,-0.238134878111232,1
0.5,0.1,98,"ASC3_age",1,0.952512741135671,1
0.5,0.1,98,"ASC3_income",0,0.00963959497483664,0
0.5,0.1,98,"ASC3_child",-0.6,-0.707856857805535,1
0.5,0.1,98,"prot25_male",-0.4,-0.455522803345032,1
0.5,0.1,98,"prot25_age",0,0.0669517488236558,0
0.5,0.1,98,"prot25_income",1.2,1.17192515723858,1
0.5,0.1,98,"prot25_child",-0.8,-0.848232275134248,1
0.5,0.1,98,"prot50_male",-1.1,-1.05109363821844,1
0.5,0.1,98,"prot50_age",0,0.0131824213370363,0
0.5,0.1,98,"prot50_income",0,0.0711648974410253,0
0.5,0.1,98,"prot50_child",0,0.0175595997193547,0
0.5,0.1,98,"invasive_male",0,0.198466485688935,1
0.5,0.1,98,"invasive_age",0,-0.0759980433685318,0
0.5,0.1,98,"invasive_income",0,0.070721971102719,0
0.5,0.1,98,"invasive_child",1,0.938525705742651,1
0.5,0.1,99,"ASC2_male",1.1,0.916466774626747,1
0.5,0.1,99,"ASC2_age",0.3,0.312267052140209,1
0.5,0.1,99,"ASC2_income",-0.8,-0.795427430540871,1
0.5,0.1,99,"ASC2_child",0.2,0.234612682276146,1
0.5,0.1,99,"ASC3_male",1.1,0.976494228125536,1
0.5,0.1,99,"ASC3_age",0,0.00940658377414655,0
0.5,0.1,99,"ASC3_income",0,0.00125020754949881,0
0.5,0.1,99,"ASC3_child",0,0.075360702477525,0
0.5,0.1,99,"prot25_male",-0.6,-0.531857892683659,1
0.5,0.1,99,"prot25_age",0,-0.0853978773600745,0
0.5,0.1,99,"prot25_income",0,-0.00994051642881463,0
0.5,0.1,99,"prot25_child",0,-0.215982651524924,1
0.5,0.1,99,"prot50_male",-0.2,-0.202831400025729,1
0.5,0.1,99,"prot50_age",0.9,0.913191845824817,1
0.5,0.1,99,"prot50_income",-0.1,-0.101771344774616,1
0.5,0.1,99,"prot50_child",0,-0.134647843419376,1
0.5,0.1,99,"invasive_male",0.9,0.958694494933632,1
0.5,0.1,99,"invasive_age",0,-0.0245318337338058,0
0.5,0.1,99,"invasive_income",0,0.012079612362193,0
0.5,0.1,99,"invasive_child",0,-0.100718836049863,1
0.5,0.1,100,"ASC2_male",0.1,0.00271812288049823,0
0.5,0.1,100,"ASC2_age",0,-0.052470894101004,0
0.5,0.1,100,"ASC2_income",0,0.021018321426166,0
0.5,0.1,100,"ASC2_child",-0.7,-0.610488643103292,1
0.5,0.1,100,"ASC3_male",0,-0.00929087800252918,0
0.5,0.1,100,"ASC3_age",0,-0.0594151036460965,0
0.5,0.1,100,"ASC3_income",-0.7,-0.69939235951403,1
0.5,0.1,100,"ASC3_child",-1.1,-1.09887466473502,1
0.5,0.1,100,"prot25_male",0,0.0212132804996739,0
0.5,0.1,100,"prot25_age",-0.7,-0.620233669779419,1
0.5,0.1,100,"prot25_income",0,-0.0257573194262464,0
0.5,0.1,100,"prot25_child",-0.6,-0.511896431138574,1
0.5,0.1,100,"prot50_male",0,-0.0438422448483068,0
0.5,0.1,100,"prot50_age",0,0.0405406641377685,0
0.5,0.1,100,"prot50_income",0.5,0.467815464722248,1
0.5,0.1,100,"prot50_child",1,0.892897477069707,1
0.5,0.1,100,"invasive_male",0,1.66081084837643e-05,0
0.5,0.1,100,"invasive_age",0,0.0057248428010668,0
0.5,0.1,100,"invasive_income",0.8,0.812312993581843,1
0.5,0.1,100,"invasive_child",0.4,0.387419306926267,1
