"Alpha","NoiseScale","Iteration","ASC2_male","ASC2_age","ASC2_income","ASC2_child","ASC3_male","ASC3_age","ASC3_income","ASC3_child","prot25_male","prot25_age","prot25_income","prot25_child","prot50_male","prot50_age","prot50_income","prot50_child","invasive_male","invasive_age","invasive_income","invasive_child"
1,0.5,1,1.36505786667198,0.530465579221389,0.0763687987729108,0.5181186294299,-2.65207878197388,-0.094791849705337,1.69198314167632,0.462111522401175,2.45859403382547,1.4906498998119,0.0154430070601557,1.77429738101984,0.311935324660049,0.18623422214939,-2.3549965875583,2.09658593671892,-0.189200974785083,-1.31137652853306,0.117464436033272,0.0422606126025518
1,0.5,2,-0.0993422323090925,0.165068553011853,1.03244182154735,-0.557654506643694,-0.0825480354703432,0.710393564383371,-1.8455369695264,0.171616235231292,1.16469549277404,1.55976476376178,0.147946476708621,0.0596597368698288,0.00832712916720889,-0.026795030778136,0.09528415385162,0.0278932315093904,1.65869542920155,-0.222058139061831,-0.0304313153321007,-0.991125701631332
1,0.5,3,-1.80767565844878,-0.927929359182754,0.161939953443173,-0.275924009357102,-1.55821727125496,-0.0039749702977662,0.149080820585484,1.57205186193038,0.0440745873005214,-0.00217185014493319,-0.137387802202102,0.178149465437606,1.36830089361642,-0.446799203334463,-2.21426176920239,-1.48170115950433,-0.203447691889019,-0.104829060364157,-2.43071727744882,1.76815500476363
1,0.5,4,0.0251598404604705,-0.488131575031722,-0.119324094658813,-0.984955684755941,-0.0886729507432604,1.72779571069096,-0.113601410645402,0.14596426461462,0.254296872681699,-0.912217912546514,0.0646800128770291,-0.0546871069203343,0.3189516206412,2.14103465522193,0.0250417105310352,-1.9504293618031,-2.05101640666246,-1.95939306457273,-0.692618617191216,0.271003830921749
1,0.5,5,0.237134664931141,1.39020716031376,-0.829906398976015,-0.914405069343308,0.32903059039665,0.0798265630416194,1.83386061118436,-1.36552342337593,1.80263883078168,-0.0554921857604357,-0.582568761218134,0.299759490259387,0.697818981777224,-0.0624761325159983,1.0248513604841,0.024772642282566,1.62563043675527,-0.0175028335081617,-0.109826361775751,-0.0737458409203523
1,0.5,6,1.03533969430477,1.15053819367333,0.085042112645877,0.451996814064916,0.154563402122895,-0.19962751235546,0.0348212458493333,2.9497748708192,-1.03644710714684,-0.503427398103053,-0.0622660525837374,-0.0951983092962859,0.137444439068569,-2.15138353525313,-0.422693953966176,-0.390532774926056,0.0662611565462214,2.00341775609776,-0.103310107046213,2.09143884723214
1,0.5,7,1.34645758850483,0.0546376872147185,0.0631916713550032,2.94114247727829,-1.51254829519154,0.152036231311199,0.106893327136836,-1.14153502096054,2.49143019063909,1.49254358726417,-0.0494536274757197,1.28972618980899,0.323716139500944,-0.891832652380669,-0.0756095141407775,0.978242595955738,-0.117783608526214,-0.0531182553445989,2.10782058102296,-0.00111735336978942
1,0.5,8,0.158368511841322,-2.56493509511389,0.0403405056170823,-0.424019567337219,-0.808808004990561,1.74663118885023,0.0115890150631564,1.99353371863124,0.0983359311775443,-0.217215999011987,-0.0830359487073524,2.17876672134311,2.17631598306927,-0.0275087058077629,-0.58776046497158,-0.110325109634704,-0.432835293741151,1.39080683542714,0.454299557944515,-0.164084721438882
1,0.5,9,2.30790902455443,-0.15677634552021,-0.233611059079871,-2.57377396154906,1.97008984031029,-1.37224217412201,-0.212113502719978,-1.99344491898051,-0.512071758316477,0.173754891074198,0.0767344310519405,-0.126397818793964,-0.23842794444333,1.32813088663387,-1.3957072054509,-0.0397401115880221,0.218392822706169,-0.00618101695568241,-1.49529060165537,-0.0582783923749368
1,0.5,10,1.67448689781214,0.0340094882538503,2.32444449061298,-1.31072743117404,0.823910200286401,-0.792726312853944,-0.124118552025513,0.150424803381979,2.36712930760385,-0.0413450478426384,-0.349406246009774,0.0806361926348199,1.05902578312948,0.0236628648684938,-0.356778885533208,1.44089810219452,-0.0680892548036029,1.24121274003385,-0.2100724813925,-1.04362004091453
1,0.5,11,2.38709857907474,-1.15177862569634,-0.029008219970188,-1.11011981346293,0.0200172001827236,-0.130391108326298,-1.4701190840344,0.0841025107619974,0.17855618990654,1.39129847815654,0.0687066279884946,-0.161938806887064,-2.1078008565629,1.49360288022609,0.0647439346338441,2.51575648328417,0.279331424469967,0.0262221241725841,-0.444270582800139,-0.185486543187705
1,0.5,12,-0.287401158599387,1.63169913428788,-0.165752834303749,0.095215646262852,1.07090315160868,0.424332593806611,-0.0489268127662499,0.138534422290039,-0.00705386408131354,-1.81042487335685,0.141640593758708,0.399310675654661,-1.4688588621528,-1.19249754824809,0.156043441260442,-0.0926324155413917,-1.34008048775712,-2.38802339408775,-2.06595019227279,-0.124191394175574
1,0.5,13,-1.1629221827555,-0.360827158910669,0.252111455825327,-0.0502886931441957,0.0257760344523432,0.20635669475847,0.278407949070495,-2.24739073657552,-0.906363753657618,-0.109901012145532,0.434383057548695,-0.465856260400996,1.68591536292955,1.91782747115562,-1.11985745191789,0.0811384974176329,0.22427579067487,0.12680279173684,2.02396618592773,-0.191849673785058
1,0.5,14,1.34548965447245,0.210958322267899,-0.00847790173713622,-2.53843935921105,-2.077401952726,0.188296048080544,-0.0194671859378628,-0.110603172384535,0.0992031646288321,-0.526864169734573,-2.12331236932316,-0.408919812698913,-0.135771524342325,-1.98286661061261,1.96668630692632,0.141434175793982,-0.17419217609856,1.27928424108703,0.458657479699787,-0.087462552042176
1,0.5,15,-0.21391322488062,-1.13917440692104,0.551091936520849,0.503037139314311,0.0699569905402312,-0.00695202806855927,2.03197522006112,2.70981870122524,-0.0974222689635759,0.0196952326189983,0.0573960641778891,1.17069913563873,-0.151609822728537,1.60955702946691,0.448528735341364,-0.19373741143691,-0.0743784398163111,-2.28378444710216,0.0516014711831023,1.69728256684388
1,0.5,16,1.87508307848136,2.11358789082674,0.0282994479595165,0.282227903673972,1.19692067924437,-0.0582624638845311,-0.014403822338064,-1.97443679511598,0.27377013649003,0.374207288209271,-0.0222629706123902,0.154231244150235,2.25105072999646,0.998858714411857,0.0434122108360315,-0.48493991551236,-0.787836502033624,0.0124604724491619,0.454033205687838,0.10475066874601
1,0.5,17,1.52198125157702,-2.16612575161343,2.18797751498535,1.53940822245792,0.333777706973374,-0.0841724390966253,1.45470098547001,-0.653348594403523,-0.416648377258736,0.0964513248689406,-0.0471665542500163,-1.61551057148921,-0.458552820668478,0.0825366978615569,0.881730354337033,-2.56347052242268,0.0106026209521997,0.0388126935759804,0.0290686829767772,1.55338430521747
1,0.5,18,0.0974675436267704,-0.0419049425482805,0.47021308325203,0.315448727969445,0.848664507571936,-0.060938809070974,1.38170633671752,0.249798106859083,-0.0554028681131399,0.45916075969045,0.0393684056307554,1.79233540008698,-1.8631526782661,0.100846238564956,-0.00940638983833664,0.263258215241739,-1.87258174474725,0.229488201755487,-0.825320588932686,-0.271288744534901
1,0.5,19,-0.150351969826348,2.47202766483982,0.0159717061297085,0.367541759451974,0.00970771097306233,0.0769989648061377,1.3866688797845,0.228837725794135,0.129652622822885,0.317675586990319,-0.179003947605659,0.945159433726951,0.992745646391159,-0.0635630356263713,0.0799853747174202,-0.34476260607226,1.05761575326966,0.0598183621016059,0.289115087693209,-1.53623486310546
1,0.5,20,-2.10109378379334,2.10482549472864,-1.48724417992479,0.284287201647395,-0.00856196391791089,0.104911310861968,-0.0168405528655487,0.0764215467762037,0.12586483255049,-0.110269621210037,0.462851892878985,0.470471025914582,1.01966236041157,-1.87516908436916,-2.34181629722847,-0.0316447129917515,0.192746650332759,-0.578696892740658,-1.64836866362432,0.120012876270537
1,0.5,21,-0.272794942039223,-0.164216770196195,0.0144151959664458,0.864115371411285,-0.107950922252925,-1.65573249074703,-0.0456338282711435,-0.386925331179067,-1.58704177982887,-0.699383622228576,-0.0691053621124728,-0.692728983607344,0.923513069548026,-0.0894072142119998,-0.0109414772472825,-0.0186940732324941,-0.215616611821693,-0.699709605036517,0.0406535473082672,-0.161336760358461
1,0.5,22,1.80838286649674,-0.138770632924673,-0.182856950490315,-1.73992357666212,-1.36322316788734,-0.195045583963815,-0.154990488256706,-0.224449714056004,-0.0705529933897931,-0.245620272801287,0.847627602235449,0.541996350100359,0.829264914418227,-1.82031744277908,0.036639167405426,2.17854472410559,0.0445335812624311,-1.77644840400137,-0.0847741980283421,-0.237117121119539
1,0.5,23,0.0412900236432594,-0.777364204830447,-0.00852602590659048,0.0382491286878961,-1.44396880270137,-0.263657320097871,0.0707081921662819,1.87921818120686,0.118870336060759,0.149648236794633,-0.0498353921219253,-2.14671821082067,-2.40637381491837,-1.44159046151113,0.0575464252385294,-0.181310355426981,-0.699792720391513,-0.865126436251184,1.5976932362166,-0.0655023323919075
1,0.5,24,1.24593545688417,-2.28987553983319,-0.140145793603418,0.23304958510032,0.0290360860250154,-0.102360806085864,-1.34555002808097,0.997003189192037,-0.516685868737518,0.0680234476005824,0.0501928744636054,-0.892764593789394,0.181771318671925,0.0554895021090067,-0.862840635690095,-0.0503217414860758,1.6198383351047,-1.3894814300932,2.04434481534034,0.0563539799984416
1,0.5,25,-0.71566485921881,2.007726556654,-0.186016677165687,0.305058759110795,2.47755697274426,0.0278203101757711,-1.60153828682867,-1.40330887934636,-0.41998602018178,-0.0979683399099853,-1.87980954581799,-0.296871045759777,-0.610728510932317,-0.140153598917942,0.601895405410131,-0.364983256144905,-2.17351510795937,0.483893889149473,-0.0859454682964771,-0.580413397947642
1,0.5,26,0.213207623938321,-0.0905381957763792,-0.347554678423827,0.390051288545737,0.738940245122557,-0.111683855384664,-1.13777134244301,-0.417352551925237,-0.121607603931732,0.628000972825594,-2.23156521983884,1.00706128421492,-0.221954124970535,2.40537719991809,-0.0144365299682035,-0.868806019218452,0.115848391287644,-0.163327002463148,-0.0345484292175926,1.79273998925331
1,0.5,27,0.549123460319782,-1.98450664677356,1.45225100859858,0.461137918721018,-0.197857966029671,0.0103671495586241,0.900929721202197,-0.929034015496993,1.37836521128589,0.176787700650132,0.100889962698097,-0.385369598194828,-0.271026742089078,1.65198249715381,0.141123428288184,-2.4332344067317,0.143631161080486,-0.0832103388342994,2.06633797234845,2.01563149222839
1,0.5,28,0.143796798896804,0.0159671451710082,-0.189415132717088,-2.09019621843333,-1.66501311957628,-0.548849088149212,-0.113559448545391,-0.0459346462161563,-1.38741347606439,-0.673738785990358,0.342221279617302,0.0831067044615576,-0.827920521929999,0.344495100648614,0.232339497290408,0.0565080938246359,1.02690870712766,0.028026673880138,-2.00325121568705,1.15804952037372
1,0.5,29,0.808100968592168,1.52660435973005,2.41692932418907,1.27449744105489,2.52476112692246,-0.227338058540187,0.0259967695504831,0.642062895851367,-2.03375067738983,-0.0302578121642526,-0.04983259476352,-1.5948443048999,0.0881949863140063,-1.72317833200493,-1.77219510293204,-0.546390303695737,-0.0356710668724187,-0.00203041075274453,0.0492825129569251,0.0855449766812287
1,0.5,30,1.2268952214278,-0.194482899202363,0.0286816279896293,1.02948138726972,2.71992350096495,-0.198372135683267,0.929571646759358,1.53450915798005,-0.477247521789107,0.30220683904459,0.671349709792382,-0.00906825775388509,-0.0340524639298986,0.185982686861533,0.0573649185882825,0.147668439437974,-0.956240586436226,-0.194946690290806,-1.96954701749522,-0.193365768263866
1,0.5,31,-0.122419830175966,2.29326240467551,1.97577743569215,0.171501798940609,0.413051008747233,2.15912052254609,-1.23312715845181,0.047077262199012,-0.0614523865482973,-0.383880784992409,-0.0286747303196465,-0.325987947502681,-0.759994608598829,0.00327433418159443,-0.0831097707366494,0.02238034758237,0.492788544487417,0.301991386475624,1.68654408752328,0.173206611436912
1,0.5,32,1.17525871138952,-0.115778335379429,2.22847745975325,0.107044941726907,-1.43905303970113,-2.48104236489932,0.110520179045569,-0.409273432537351,1.39062130559141,0.110086667270905,-1.02233049674797,-2.44912520844415,-0.217159350428067,-1.11713048627034,-0.0915022916551861,-0.0426221243561551,-0.14563136732675,-0.127106105533193,-0.091493351361657,0.518598559960982
1,0.5,33,-0.970278278259341,0.139370124120867,0.0808456704245624,0.423700689246414,0.807147094941794,0.131006255176464,-1.9497044503529,0.261121351338622,0.0128114615246262,0.082044999465763,0.000205220017759636,2.17792075655129,0.0730919031469258,0.840573173056161,0.451432415216773,-0.827436846936011,0.73446314108147,-0.0487767257158556,1.06678157236926,1.67038953552032
1,0.5,34,0.427118003777565,-0.145301058152988,-1.42488426707392,-0.821479271390476,0.283187270482444,-0.145712259964846,0.00952530659688014,0.714285011461647,-0.107491239619103,0.0261230501154389,1.95303910565151,2.1816672480749,0.214642639266304,0.375553992235862,-0.934652815860731,-0.0771225758611855,0.127358850031256,0.0583077558220989,-1.82396939211122,0.696940318336202
1,0.5,35,0.0628651063703952,0.221362493375342,1.70710208770582,-0.136380151549045,-0.00667842438769274,2.34399915902614,-0.0693493173967286,0.146643826171666,-0.36949435457906,0.44021962117852,0.153253295153488,-2.22671513144832,-0.74511970784965,-0.0888617060523287,-0.426090173182227,0.979298710629384,0.275634177623646,0.122818797463854,-2.27393787508774,0.214239380592339
1,0.5,36,-0.868954168898577,-2.18550019570066,-0.605819861442677,-1.8589868864406,-0.243051178693833,1.91003121796651,0.305705212121744,-0.140422305581459,0.305889209948623,-0.0166323761548017,2.22003392348098,-0.997228649457391,0.0919692506921032,0.0574316984554584,2.23842357363558,-0.177059110223162,0.646759137830516,0.0887482672414446,-0.761843365271492,0.0163161381510285
1,0.5,37,1.30969144570947,0.000324041210873512,1.84077613729679,-0.148299094965972,0.104976831060798,1.14453271563609,2.25635353317274,-1.83350745749974,-2.74473513759468,-0.156291846711885,2.3138540390572,-0.0410240637516533,-0.233174980622728,0.993723554727713,0.0185957923070152,0.0686614897225127,0.294006170209487,2.17704713396554,-0.110861445492922,1.00795837430743
1,0.5,38,0.510678240475519,0.454912237428385,-0.0802188591499464,1.27746042897756,-0.168414998264154,-1.38103550535602,-0.0438369651875513,-0.544437516286309,0.128147759072427,-0.0608230597302217,1.4373441606549,0.348047002226663,0.20438793947929,0.105218277224865,0.414493430262395,-1.28428124082453,0.113855863155211,0.0381036605518703,-1.35538646281612,-1.24380074025506
1,0.5,39,1.68478004850642,0.110718611972047,0.0246686870006214,0.115910054865081,-2.06789708589218,0.176453093067583,-1.42858364995025,-2.0392914920519,-1.73648310448084,-1.14083326928401,1.34274958361116,-0.741915213165854,0.110294060025287,0.0297600356235918,-0.124731371133655,-0.169338416563206,2.29972441589457,0.188639510428652,0.0529683172390913,-1.06295496921036
1,0.5,40,-0.0747734664991145,-0.581244721008465,1.97989940249362,0.296915944890507,0.841652926661365,-0.0512597942201666,-2.13933950581061,-1.64696004167134,-0.994445857994706,-0.717508512507387,0.0171302976490773,-0.302992139268806,0.0954322105748844,-2.05940508905177,0.00604035909853915,0.102566808184945,-0.100966632139289,-0.661317833341747,-0.254695072244193,0.0602902393782553
1,0.5,41,-0.906460056866595,1.82745694725006,2.1819782369105,0.195194337655741,0.656816983538731,-0.0164085779564994,0.0238847793144232,0.105473289305651,-0.0820165174475418,0.0232758643500517,-0.199624268512426,1.2371866247161,-1.73304126059109,-0.917581868154372,0.0828276101820631,-0.0707415999136482,-0.130294649257682,-0.0847222695489421,0.64414194602161,0.919469196316399
1,0.5,42,1.3383595857147,0.141448180908629,1.06328029611698,1.52514318647923,0.14118166014884,-0.445206854557922,0.0375703621319977,-1.81179750734244,0.0325899114421271,1.056390393984,-0.0732998800484794,0.0629297808371739,0.182243832214548,1.29050000692354,-1.70116861332511,-1.03297055909217,2.22161506885326,-0.00482394135861719,0.0559471500398421,0.338733004317318
1,0.5,43,-1.34846000762567,-0.00509458932993377,-0.0377764834989989,0.563629423529163,1.19579831034512,-0.0695972467223823,1.84891135305019,-0.495038584659895,-0.0526817306618434,-1.86447231455112,0.224199953463747,-0.287488066990428,0.00890515661634546,-0.0343680532412246,-2.20610442603911,0.842363965893203,1.57996877565599,-0.0295418050310522,-1.07649987430746,-0.279491260732382
1,0.5,44,0.377092851015414,-1.22546515333371,-2.01261070131762,-1.38782718876045,-1.81112992931107,-0.211097541584137,0.0129312716772515,0.0956139355461164,-2.35999196994566,-0.422476961734772,-0.0922647597597012,-1.2361827699148,-0.190245090429805,0.0555904087314205,-1.67182445634615,-0.163083349635098,-0.674769422051725,0.0161217188814887,0.144287100190335,-0.635943618314646
1,0.5,45,0.544147391966939,1.39865220665785,2.06360177229376,0.76084258011657,0.370791048609964,0.9029118232315,-0.351421495545954,0.0291489801991967,-0.269572641215007,-0.0669826624319069,0.226130777455447,1.87678439257374,-0.207353548679438,-0.733930894810483,0.243021771769847,0.445614270485225,-0.544632829223891,-0.393816908690617,-0.00731588565601821,-0.072984385963329
1,0.5,46,0.689270082649154,0.135226173452904,0.0841039981495697,-0.974074863371949,-1.96902424475814,0.188106662569953,-1.89210429580442,1.53075750577026,0.211534716585047,-1.90660077972082,0.0349872212766002,0.0934727234460048,0.259047434613276,0.600330975436625,1.91929041075937,0.0218671255136004,0.458953181209582,0.079176940772503,0.380654846961035,-0.0491416766445455
1,0.5,47,-0.216080129573333,0.216196077952224,1.88713526039597,-2.44852323592556,0.150821841027842,0.236632274997321,0.243542165136071,-0.155982112611144,-0.0353466702359196,0.945210677159978,0.803895938771538,1.81495889343519,-0.0566526899156664,-0.701456284363696,-1.43681899183847,-2.19465445698877,-0.25029454794677,1.17412755483747,-0.0233320248505434,0.217898652229845
1,0.5,48,2.23681033234452,0.0576118451565172,0.0730154034288995,-0.50816505626635,-0.26108973134311,0.0901219058199086,1.6756074431727,0.0660538941119622,-0.984005515933161,-0.0358694611656595,-0.533161886383881,-0.0323547108544747,0.233117512739958,-0.85375364395218,-0.0719678514529943,0.0975491912665407,1.26182250560152,-1.21981372740776,-0.500994178603635,-1.66188376684034
1,0.5,49,1.23416867676151,-0.0638403511481506,-1.49874172042592,-1.96425426562342,-0.583166146573848,-0.0996582228066304,-0.981975655842862,-0.2398137276398,1.7578403421845,0.0997793090238274,-0.0286940309269705,1.01266669476585,-0.200228823345268,1.77418330742206,-0.0875789812539396,-0.0289479370940637,-2.06400622898718,0.0959161373991039,-0.101990512513217,0.471434357159866
1,0.5,50,-0.145814556432322,1.8482913140638,0.0432942535545566,0.635999251448181,-1.14329866722391,-0.576262404723169,2.40124354425802,1.54457161764803,2.36045686110889,1.41936286542807,-0.007165066586429,-0.302976240730274,-1.03610638309024,-0.0025624317006787,-0.919613593223122,-0.179491776476659,0.0258454442770996,0.112801540550481,1.13933511635728,0.34001970374496
1,0.5,51,-0.570858579093584,-1.15670354877827,-0.27493155179085,-1.26898908960773,0.0849994754449816,0.885647486130502,-0.228042042450291,0.339754125758859,-2.2990552198265,0.732120179272,0.774211278202101,-0.148093368682396,0.0600961141651015,-0.0169175954027485,0.232925936781742,2.55773609048594,0.0443359307263485,0.0548649661210808,-0.173031903834584,0.927997880009633
1,0.5,52,-0.565103271733096,-1.14363621400674,2.21538499658528,-1.03450142300587,1.13390333030961,-0.159539548072607,0.0257292981164637,-0.25447841663459,-0.999085037470587,2.0121787084194,0.122102494978362,-2.54580988042645,-0.384774246966319,0.0858780111351523,0.0664642553247375,0.646897090958282,0.179710683791686,-0.0807461055734623,0.252937770240982,-0.225077352805881
1,0.5,53,-0.597251057974176,-0.116091935285265,-1.28691126392493,0.0466643706829947,0.699099407330512,1.17404627510039,0.117939218145029,0.157971634826597,-0.0732833297244363,0.823513021766429,-0.166472974829665,-0.329191769485637,-1.30761298502448,1.74977089368042,-0.140282433574869,-2.66672492582624,-1.21732553640992,0.0699326240336927,0.036488794006554,-1.3152023926483
1,0.5,54,-0.209412959774886,-1.15395488128029,-1.39789531182585,-0.145426400415402,2.23582347264147,-0.13311167819505,0.0591909199560207,-1.10578000361417,-0.0345654893383993,0.668082420279403,-0.0878556064265555,0.276846738801605,0.0577981905816486,0.383530518704153,1.02563487695171,-1.49949109708105,-0.105264077429405,0.0442418836224829,-2.58203452165492,-0.124963423796204
1,0.5,55,0.156209967391772,-0.1339348276432,-0.0474441068430681,0.0142680218019816,0.964160895483218,-0.0775899630602388,-0.0635478918041753,0.0811644435611795,0.320542139411502,1.30187098684999,-1.17201073993987,-0.179114869487936,-1.0353670978863,0.948464908135203,-1.78838454937151,-0.0463625532914353,1.56658080929573,0.0374744056340138,-1.81191386671105,-2.16745208513283
1,0.5,56,-0.266471006965083,-1.34192214215517,0.0409696542946652,-0.149489005471255,-0.567477389060289,-0.726443982684138,0.0236008110365941,-0.0452715847177377,0.359904192739711,-0.0791874423514104,-0.430389956181357,-1.99205039786686,1.49905961007383,0.972707122046312,-1.13275721142129,1.60012382810856,-0.277615092130979,-2.00551317037491,0.545754498495426,-0.074919217925929
1,0.5,57,2.63502125531212,1.98171773714552,0.225347460707231,0.0858189193318937,-0.199693612585841,-0.210704768955682,0.236439008368543,0.120661237475019,-1.92000538215612,0.216720484991028,-0.266569394040247,-0.0372022760976713,-0.747593759697145,-1.06218850146864,0.896921557633146,1.35008903462679,1.40691354061222,-0.0178094196269645,0.129441500750077,0.39726714897283
1,0.5,58,0.407174312094807,0.347009352618528,-0.116880761340368,-0.177185251971586,-0.177537080431378,-0.0390050644923036,-0.173011696380232,0.0407963176102381,-0.253436662840342,0.0558098600226999,0.168199497765758,2.02644731163944,-0.356706589717444,1.08413858170242,0.14121472713874,1.7538777071383,1.01188784540445,1.84676403516221,1.20618048234374,1.33732566317285
1,0.5,59,0.176094253725398,1.08299000118792,0.040897863189264,-0.218208558277276,1.45156229065512,-2.27652364943402,0.0842245552636843,-0.0416179411504093,-1.46682691024371,0.0805649685285135,-0.471573591534015,0.000460729538788439,0.664415665893946,-1.78032007866995,-0.0742710563008641,0.106978164283567,2.36412779927211,-1.74979195113683,-1.03127764931663,-0.103209060906293
1,0.5,60,-2.76807799526933,-0.0189289942632535,1.28701023298832,-0.861493151270703,-0.216922483348769,0.0078645102842126,0.114630509526986,-0.156293427537724,0.188149427398279,-0.668266816223497,-0.0093985485796014,0.14877628559844,-1.95053334169156,0.0124729692634009,0.788106689918129,-0.100411910763062,0.435146287333535,-0.974366967209245,-1.30034946197242,1.81958272611075
1,0.5,61,1.50800189600095,-1.63305412581545,-0.69521432603614,0.062484756802314,-0.0353850336429335,0.0882447460925009,-0.0409509666667621,0.0279238725817671,0.121337772939677,-1.99061828924884,0.0698717319679431,-0.0347457810668278,-1.6728076837273,0.37548673184608,0.0708434329559453,0.557124612132261,-0.0570479568916201,2.10049855222784,0.351763732964081,1.91409115026369
1,0.5,62,-0.165144088259125,0.0311694905299534,0.0538026927908454,-0.060458493687713,-0.127451659234347,1.22840021928871,0.979311612794805,-0.241856110233447,-1.08615170936186,0.0627398149814243,0.0364695606407902,-0.452916738285717,-0.841635629096095,0.613901166810924,0.0576786881418686,1.90319920950744,1.10249964714241,0.00520466945044517,-0.0217012307247914,-1.90013371214599
1,0.5,63,-0.286728565257629,1.14492418948958,-1.369536001181,-0.0489997448633239,-1.26301376676733,-0.0111492478404977,-0.0419729746818885,-0.283024428419467,0.354174967268512,-0.0263983873389875,-0.856610087989237,-1.1175435346424,0.285340086290527,-0.0150891295908017,-1.86465559598792,-1.38372808196859,1.54764462863393,0.0653282052210785,-1.80183377211942,-0.0153384101769144
1,0.5,64,0.19710644783885,0.0412442115332666,-0.831327290343239,0.242491879347887,0.0231521363966506,-2.45187690946781,0.0478470444114791,0.311277068901146,-1.66259346058497,0.212101659473809,0.598450520875021,-1.13742979356766,0.443740913577984,2.35175624031736,-0.014687807371637,-0.442671888963438,0.104288162699129,0.00397478460841379,-0.00680373214573995,-0.228588454858319
1,0.5,65,0.477410723732019,1.39404310198239,0.353005646576361,0.106304834621624,0.60585108354645,-0.25559289843909,1.32017541504148,1.0476816626623,-0.143391530136037,0.111904995623029,-0.0541916863355082,1.98817912354496,1.231983797256,0.0650016389035814,-0.439986558979895,1.13471423924029,0.982316755871594,-0.0711238402837873,1.76561921665312,0.112539464593921
1,0.5,66,-0.0873001150649532,-0.285687703643243,0.639922783321001,-0.0400040522386717,-1.84542594852308,2.27539234890133,0.00551464401879768,-0.273777865042589,-0.922935783892388,-0.21856598388487,0.0102550816063911,-2.58049940542773,1.92374787856991,-0.149469967661919,0.410852157534311,1.60040282253869,0.203307607970183,0.116917109327016,-0.0114833721458174,-2.11351161936847
1,0.5,67,-1.46898798748237,-0.997236226756184,-0.0438773043923608,1.42474066983925,1.10111085015186,-1.7732779337521,2.14054408570729,-0.206894933864087,0.137209782205634,-0.37041584004393,0.14174599239475,0.371094578353703,2.10268644337746,0.00923953745900339,0.287922426514452,0.370314848244259,-0.0988567494547536,-0.105048586422481,0.028116043372895,-0.220804982767218
1,0.5,68,0.289367593547912,0.107315871651655,-0.153647423970937,-1.74505180228216,2.27772452389683,-0.984941011395446,-0.0752552381937237,-2.0165754261555,0.470195369987991,-0.0490279067863014,0.0456607472180282,-2.30540124454044,-0.145857892998641,-0.0336379171458852,0.0560335727461843,-1.51327573141546,-0.0471585090516204,-1.29807328101911,-0.0886031424903769,2.01050499084308
1,0.5,69,2.06520434040326,-0.122261187510205,0.835473236003037,2.01815417350669,-2.27761442327761,-0.0928296505741191,-2.3556770768863,-0.447062627286205,-0.125576499537197,0.0207846553214839,-0.965591458168064,-0.434713436252394,-0.197030431142043,0.171441410994965,-0.107443944225123,0.159947555326182,0.143809713649711,-1.02193403322838,-0.506486277801303,-0.54066867905892
1,0.5,70,-1.80005039237061,-0.147840457404708,0.601800893296173,-0.377930397156549,1.80655644774582,-0.162204436510769,0.0521043167674349,-0.430037876035293,0.067026036516924,0.192384400722775,1.7466455138213,0.634150155238844,-0.307696044368167,-1.59332506363055,1.73543662108264,2.79825546896521,-0.251219833867798,1.60725061635476,-0.0818018622027171,-1.39756831040674
1,0.5,71,1.07640561501217,2.02038637098568,1.8066906277993,1.45624349467265,0.112930496292494,0.112100788824023,0.165861389346076,2.24465358462687,-0.00279169807343183,-0.15429646180037,-0.247825543843796,-0.108935040658388,-0.115753671024437,-1.28048906696471,-1.90029067766852,-1.42556142828377,1.37412832577427,-0.0379679842459666,2.01268121941835,-0.113794134773332
1,0.5,72,-1.6164854230337,-0.31423661618847,0.655304263935078,0.517837883119558,0.359881899026106,-0.374105077892678,-0.110385306465996,-1.92462467054715,-0.0423068561742369,-0.0349053175264845,-0.0590812190635878,-1.91099151322116,2.06611329959646,-1.12778934561588,0.0156063293628273,0.578954445403642,-1.16226431487924,-0.0267152586566704,-0.032613544074562,-0.113479832666902
1,0.5,73,0.161783964064156,-0.186901130382423,1.11006783209018,-1.71501236332791,1.69316464332446,-0.237750438430183,-0.900910934155654,-2.23843604021562,0.222833235240818,0.0794562759049607,0.796581367214037,-0.300542318415655,-1.39159883800909,1.42829298743775,1.9625203425472,-0.0331707810226507,0.134164113852934,-0.174838255568596,-0.116975861469623,1.72908354727161
1,0.5,74,-0.032018186179429,-0.117666300979702,0.0381915845001503,-1.61076889001264,1.80806934233368,2.32892505591676,-0.000910295833374097,0.523523046988339,-1.23522443073054,1.10999116308592,-0.592322395767428,-0.552235955083774,-0.310653404505971,-0.0297922306818113,0.00764881024740837,-0.64471210267446,-0.105905270555422,-2.36047657127041,0.795196245791717,1.16396721078788
1,0.5,75,0.665969342519428,1.13331618791459,0.0279209530977701,0.306602055794598,2.55333968741836,-0.0288957291426171,0.031897108678944,-1.55076783773264,1.34473417495566,1.92916643855657,-0.0928513169425799,-2.04928474049538,-0.249831362842011,-0.0840088976790726,-1.9447096370747,-0.917958509925459,1.73140486786948,0.163967214366429,-1.01246061331958,0.221634199524681
1,0.5,76,-1.19936178912729,0.00252639272002915,-0.125266073585246,-2.15884422538243,-0.645721673392349,-0.019056734668523,-1.14903490779412,-1.17197868506413,0.00144139402650752,0.00374756281348437,0.224741349994431,-1.2241463534513,-0.102285839946121,0.0578980224414925,0.170842466542936,-0.228078594652608,-0.924139213007168,0.0102624769027551,-0.489642099141572,0.00997678749058612
1,0.5,77,0.822544086217428,-0.822403207981593,-0.127885777017394,-2.1766316550357,-0.0597733679993576,0.0250651062287772,-0.0496443973564285,0.0219957283923352,1.70816525281502,1.22692022538475,0.000263777913490901,0.0659301272796266,0.163552720766785,-1.01466098029744,-2.36734029371926,-0.0718325074433248,0.0940479553050109,1.96279187821889,1.09422161654189,-0.676253768714722
1,0.5,78,-0.292948850321996,-0.00966305296009921,0.114117647769321,-0.153741575681548,-0.331255554988284,0.0507035319831886,-0.624607784568036,-0.302134433431486,-2.07483148817908,-0.088550052148538,-0.575427124158997,-0.164187110544104,1.39495055710977,-0.82581194825956,-2.04296157795389,0.917608182051023,-1.31110198023461,1.88448852053913,2.44482298693469,0.00253900366122876
1,0.5,79,0.0203472935802624,-0.109539877497594,0.115850028357515,-0.23292606336743,-0.0515636378893179,-0.151477112938321,0.359207222035258,-0.919897115237698,0.388687486187232,0.0325732510520043,1.71680864056665,0.759459636615533,1.8667126038929,0.0506178928354783,-1.29482639143744,0.347433228730216,-1.12049657498403,-2.09116050551709,0.00482184884362681,-0.205763137611131
1,0.5,80,1.70564364585008,-0.0968331302632873,0.747265191242398,-2.07274235956307,-0.0542734102109157,1.90214052936511,-0.119632701824092,-2.13531666804072,1.42001952778166,0.110252554238619,-0.0868728567076759,0.714067124864149,-0.277388782648068,2.15156340415251,-0.0064795614806116,0.00652289415467508,0.0135623710283562,1.922446648415,-0.0447908103147529,2.07679025418405
1,0.5,81,1.87381625140913,-0.104267227785022,0.0393252013351818,0.0377843968290956,-0.0251817933378568,-0.0979123484964757,0.0555188654460608,-0.597258874861752,-0.0706331417897893,-0.0602159250784703,0.0467463797863428,-0.312727773242375,1.85468364419049,1.49519951919587,0.088640742951234,-0.748948241878281,-0.580619739093314,-2.35001672633138,0.805826847366392,2.24462672986452
1,0.5,82,-0.00390824490480392,0.127582836534878,-1.59471603658225,0.93488962709202,-0.979565239794812,0.166222381162439,0.0108210940232654,0.231091009459486,-1.27389020437875,-0.0367125732757613,1.61935292886203,-0.1964564437343,-0.731121267970362,0.105531380974975,1.26443185032789,0.458332746995908,-2.18522781878715,-2.53401356881583,0.215385999812849,-0.00157411562686147
1,0.5,83,0.944530509236561,0.0546413982335593,-1.24267965444769,-1.10065910833849,0.0989084915272607,0.0422608502197104,0.172660474642438,-0.145449230351154,-1.79773417228493,0.237115995008339,-0.161420844448077,-0.00492828794433785,1.56724008277901,0.0576198738357617,2.29774601272855,-0.254223874421019,1.5457333769447,-2.04645360831861,0.578136679691055,-0.263281868816541
1,0.5,84,0.462339192036479,0.00720269236514499,-1.93474513464398,1.70986320265388,1.76382742420016,0.02867993632054,-0.103611031362247,0.178796071543408,0.518298981062141,-0.0786054810232556,0.228694803487529,0.338843371155171,-0.178470729013584,-0.355951602483434,1.19909432338976,0.264894940510187,-0.121536744596957,-1.34499430889238,-1.71331976877294,0.843259756459141
1,0.5,85,1.87157672075947,0.0754638241153972,-0.492057724105395,0.512864894253626,0.125337669130086,0.035854891096178,0.0139630977011498,1.18250776204639,0.416756152190999,0.0300145833170592,0.80650065638624,-0.0797389417508504,-0.364405131062337,0.0558823452255471,-2.20258409328862,0.410086847934579,1.44071196016653,-0.107354553383857,0.0690113555330653,-0.118514706621347
1,0.5,86,0.700213380229651,0.532236687973414,-0.0350769705949625,-0.811685344705808,-0.0157396725129545,-0.277863987183264,-0.0107748712177029,-0.51560881920237,0.0899479656401289,0.0353923198273729,-0.365851999559687,0.333801777914751,1.05666106242382,-1.81243148318128,0.014452019144539,2.54824828423863,0.739912299867676,-0.0164664123583572,0.102154264736595,-2.17038156934582
1,0.5,87,0.881993525114118,2.15413940588857,-0.0906948124327903,-0.145190191880882,0.40481276350653,-0.637055238197464,-0.0162009121926771,1.46491083842825,-2.7923636905738,-1.74644440615322,0.034369687759525,-0.272420157266993,-1.25242804697929,-0.0483871332825611,-0.0726766335789664,0.856316211505686,0.174892117883237,0.0128321146980792,-0.0784897388261458,1.35147263708786
1,0.5,88,-2.78126248356549,0.267433777243952,0.497053364414098,0.230150856819879,-2.75401887450094,0.193107602970657,-0.0157680131966494,1.12160109646414,1.60661267383042,-0.18955226839193,0.0186778602297247,-0.240631503825202,0.272090942950677,-0.791214196540358,-1.0464913967668,1.36871790079517,0.0390854348839715,-2.19693819413165,0.684905939235108,0.275257339736201
1,0.5,89,-0.171200415576193,-0.102323441147596,0.932244341101353,-0.639445721794401,-0.0479046147901084,0.439864514590495,-1.64069864952069,-0.616075209679867,0.200932439606398,-0.0846943728183578,0.0689132699457996,-1.89712143469231,-0.964170595783575,0.104819702064961,0.0333093104611774,0.410989923927374,-1.00159089234827,0.390225495357993,2.18506891675657,-0.31618238854018
1,0.5,90,-1.69701835097613,-0.554314313630455,-1.78682734759783,1.51105247025206,0.23812104511436,-0.15578486729155,-0.0603074312546877,1.20072748755078,-0.0430415549982037,0.0254566896021308,1.7293953524625,-0.0914355584117671,-0.216079254270055,2.05442250931678,1.26194000447322,-0.0579767707344383,0.0277960566047486,-0.189122888729669,-1.13824450195872,-2.68426528301559
1,0.5,91,1.98496170449086,0.596783611389727,-0.109320525165622,-0.34112592210739,-0.610200952647941,0.133759944198588,1.14511131024858,1.82028705074315,0.477286524916368,0.34288219899783,0.562323136627022,0.183214716142658,-1.17670009178393,-0.111468560149022,-2.00218323433339,0.147724402962931,-1.39454052892744,-0.00970198851710288,0.79582561365844,-0.28589164241305
1,0.5,92,-0.899619820142143,-0.0220446414010429,2.15254386419523,0.11240177534411,-2.24513439211387,1.3346379691326,1.43023935710953,0.524554594405807,0.263409065470242,-0.0758202215939753,1.86005644740622,-2.02696857637103,2.09871825842177,0.114697948143581,-2.10745304674224,-0.305427357543033,0.237719332524424,-0.160585606930376,-1.81673400416333,0.0245081126187368
1,0.5,93,0.181482262173145,1.88990486018797,-0.0129498377125328,-0.685235040466496,-1.93867680272409,-0.0697719925801731,0.0500856565285778,-0.00706862315675159,1.38080888537229,-0.0291871731730024,-1.24169638328395,0.0207008879736176,0.00362189342925169,-0.0776842019884433,0.0709747775687365,2.05556668009066,-1.51637367048377,-1.3869016448064,0.041744201103811,-0.570362865857537
1,0.5,94,0.619951248426322,-0.764713323696178,-0.89312956108086,-0.548795216457216,-0.485880190234962,0.157405766338728,-0.00314123918186818,2.50172931910173,0.514887599098893,-0.0394166833181732,0.219435150106623,-0.537664688996364,0.183877464351682,0.911109546895336,-0.177058269933118,-0.798227282438552,-0.046535160995698,-0.0513490242382378,-0.098199182873121,0.118204821955786
1,0.5,95,-1.80453637251373,0.133630364462658,0.132067853293732,-0.293065894903374,-0.00532072366112477,2.27186837601617,1.73631525458103,-2.28102397447023,-2.36749594156945,1.70765998527237,1.32854492068505,1.46904365673261,-0.179999669092114,0.10492802522298,1.96078305635155,0.317557510378494,0.0632277379013385,0.134242425056135,-0.00728242699970271,0.710188159359466
1,0.5,96,1.03101794897377,-0.0970310455123879,-0.00863278129325824,0.185020075483488,-0.370559007429076,2.33302997786222,-0.0372221191441135,0.437275582015783,-1.18935396568782,0.55226242308919,-1.41849468417591,1.23277846038033,-2.09841085625426,-0.0214164983176645,0.120099383503263,-0.087498378416007,-0.315443134214967,-0.950343263553112,0.0595725932800188,0.30758387074724
1,0.5,97,-2.019333522159,0.155555844295579,-0.0224911798564211,-0.427345929134598,1.0658139604211,0.791948856736702,0.020628913946367,-0.232824101323577,0.0227198330573212,0.136015125737219,-0.160160122579451,-0.193514551585726,1.29706205175456,0.109265011963226,-0.95207212524362,-0.214076147909837,-0.0477926383228521,0.0705667658531523,-1.45137464772316,-0.00515979368750336
1,0.5,98,0.178508961887145,0.0495793218430387,-0.990849991884653,-2.12382472456651,-0.808921779757191,2.12974378627731,0.0445888501862741,-1.1483439889549,-0.835885723759202,-0.0941943046786289,2.54325147241391,-1.52912173043311,-2.61745465878122,-0.0315324213898238,-0.014899698615062,0.0967744267549003,-0.15363763993837,0.0705972574172112,-0.0805989861472367,2.16819192589993
1,0.5,99,2.15282254138936,0.574290852598661,-1.31033838177618,0.376563860667136,2.10515348576484,-0.105450809653753,0.13219019345235,-0.118126994878016,-1.18481706150665,0.0313836941771898,-0.132674319972208,-0.086524603143534,-0.31699839999529,1.72591192814829,-0.275217933019251,0.107075404565448,2.00801161851034,-0.0547619888767076,0.0795582452222522,0.161644389301933
1,0.5,100,0.121002219707108,-0.00891969452253666,-0.0356220363083694,-1.30766353348558,-0.209868691665495,0.0183651611981431,-1.33596554399465,-2.09174823753435,0.163102581623418,-1.40260474725814,-0.00718724651687866,-1.28592563519053,-0.0236430929207624,-0.0629134137368441,0.944316509132931,1.96322927597642,0.068460892574348,0.0296211109350349,1.54198596262779,1.08705176845627
